-- phpMyAdmin SQL Dump
-- version 5.0.2
-- https://www.phpmyadmin.net/
--
-- Host: 127.0.0.1
-- Generation Time: May 18, 2020 at 11:11 AM
-- Server version: 10.4.11-MariaDB
-- PHP Version: 7.4.5

SET SQL_MODE = "NO_AUTO_VALUE_ON_ZERO";
START TRANSACTION;
SET time_zone = "+00:00";


/*!40101 SET @OLD_CHARACTER_SET_CLIENT=@@CHARACTER_SET_CLIENT */;
/*!40101 SET @OLD_CHARACTER_SET_RESULTS=@@CHARACTER_SET_RESULTS */;
/*!40101 SET @OLD_COLLATION_CONNECTION=@@COLLATION_CONNECTION */;
/*!40101 SET NAMES utf8mb4 */;

--
-- Database: `ecommerce-api`
--

-- --------------------------------------------------------

--
-- Table structure for table `failed_jobs`
--

CREATE TABLE `failed_jobs` (
  `id` bigint(20) UNSIGNED NOT NULL,
  `connection` text COLLATE utf8mb4_unicode_ci NOT NULL,
  `queue` text COLLATE utf8mb4_unicode_ci NOT NULL,
  `payload` longtext COLLATE utf8mb4_unicode_ci NOT NULL,
  `exception` longtext COLLATE utf8mb4_unicode_ci NOT NULL,
  `failed_at` timestamp NOT NULL DEFAULT current_timestamp()
) ENGINE=InnoDB DEFAULT CHARSET=utf8mb4 COLLATE=utf8mb4_unicode_ci;

-- --------------------------------------------------------

--
-- Table structure for table `migrations`
--

CREATE TABLE `migrations` (
  `id` int(10) UNSIGNED NOT NULL,
  `migration` varchar(255) COLLATE utf8mb4_unicode_ci NOT NULL,
  `batch` int(11) NOT NULL
) ENGINE=InnoDB DEFAULT CHARSET=utf8mb4 COLLATE=utf8mb4_unicode_ci;

--
-- Dumping data for table `migrations`
--

INSERT INTO `migrations` (`id`, `migration`, `batch`) VALUES
(1, '2014_10_12_000000_create_users_table', 1),
(2, '2019_08_19_000000_create_failed_jobs_table', 1),
(3, '2020_05_18_085744_create_products_table', 1),
(4, '2020_05_18_085757_create_reviews_table', 1);

-- --------------------------------------------------------

--
-- Table structure for table `products`
--

CREATE TABLE `products` (
  `id` bigint(20) UNSIGNED NOT NULL,
  `name` varchar(255) COLLATE utf8mb4_unicode_ci NOT NULL,
  `detail` text COLLATE utf8mb4_unicode_ci NOT NULL,
  `price` int(11) NOT NULL,
  `stock` int(11) NOT NULL,
  `discount` int(11) NOT NULL,
  `created_at` timestamp NULL DEFAULT NULL,
  `updated_at` timestamp NULL DEFAULT NULL
) ENGINE=InnoDB DEFAULT CHARSET=utf8mb4 COLLATE=utf8mb4_unicode_ci;

--
-- Dumping data for table `products`
--

INSERT INTO `products` (`id`, `name`, `detail`, `price`, `stock`, `discount`, `created_at`, `updated_at`) VALUES
(1, 'sunt', 'Quisquam cupiditate adipisci provident omnis blanditiis voluptatum voluptas possimus. Consequatur illum at et ab. Accusamus eos commodi corrupti maxime. Ea pariatur necessitatibus velit veritatis ut.', 526, 7, 25, '2020-05-18 06:10:45', '2020-05-18 06:10:45'),
(2, 'itaque', 'Quia magnam sunt qui dolor qui voluptatem. Iusto in excepturi non est quasi laborum. Asperiores quibusdam ab non quis.', 863, 8, 8, '2020-05-18 06:10:45', '2020-05-18 06:10:45'),
(3, 'porro', 'Cumque consequatur omnis sequi sunt velit consectetur. Sit dolorem ut non rerum rerum aut voluptas officia. Cumque esse voluptas qui tenetur in dolor quo.', 427, 5, 20, '2020-05-18 06:10:45', '2020-05-18 06:10:45'),
(4, 'eos', 'Debitis eveniet dolores et non optio maxime possimus. Repellat laboriosam velit numquam debitis. Qui quia est illo officiis quis doloribus.', 661, 1, 10, '2020-05-18 06:10:45', '2020-05-18 06:10:45'),
(5, 'est', 'Ad veritatis quae suscipit. Maiores repellendus adipisci magni officiis itaque. Quo possimus omnis ad quisquam voluptate quasi reprehenderit. Pariatur non est aperiam nihil odio recusandae. Odit aut quia iure quisquam nihil.', 730, 6, 23, '2020-05-18 06:10:45', '2020-05-18 06:10:45'),
(6, 'laboriosam', 'Ipsum quibusdam optio quibusdam earum. Est rerum eveniet minima sunt et possimus qui. Exercitationem nostrum accusantium facere totam tempore. Qui non veritatis eos harum deserunt et et.', 272, 7, 5, '2020-05-18 06:10:45', '2020-05-18 06:10:45'),
(7, 'neque', 'Molestiae suscipit minus sit eum. Nulla officia ex est et incidunt. Qui unde facere explicabo vel. Et vitae voluptatibus dolore ratione perspiciatis ipsam ut.', 132, 1, 10, '2020-05-18 06:10:45', '2020-05-18 06:10:45'),
(8, 'aliquid', 'Ipsa sunt eum aliquam qui in quia. Molestias quae quod praesentium sint rerum expedita placeat. Ex pariatur repellat voluptatum cumque cupiditate perspiciatis nisi.', 505, 7, 30, '2020-05-18 06:10:45', '2020-05-18 06:10:45'),
(9, 'qui', 'In et repellendus unde aliquid dignissimos. Et qui voluptas qui voluptatibus consequuntur sequi non.', 493, 4, 3, '2020-05-18 06:10:45', '2020-05-18 06:10:45'),
(10, 'modi', 'Enim quo et placeat itaque quidem alias aspernatur. Maxime similique qui dolor ea ipsum sunt aut. Sequi ipsum quisquam debitis. Non eum quae corrupti dolores libero vitae velit sequi.', 344, 2, 26, '2020-05-18 06:10:45', '2020-05-18 06:10:45'),
(11, 'neque', 'Maxime beatae rerum voluptas est. Fuga quam consequuntur corporis molestias. Voluptas dicta voluptatem consequuntur et. Qui inventore ut quos et facilis eligendi. Nisi et temporibus et aut.', 148, 3, 28, '2020-05-18 06:10:45', '2020-05-18 06:10:45'),
(12, 'et', 'Ratione quibusdam voluptas corporis eaque. Aut officia dignissimos eaque. At rerum eligendi omnis reprehenderit repellendus.', 592, 4, 8, '2020-05-18 06:10:45', '2020-05-18 06:10:45'),
(13, 'ipsum', 'Omnis beatae et voluptatem accusamus voluptas. Aut minus incidunt aut.', 291, 8, 6, '2020-05-18 06:10:45', '2020-05-18 06:10:45'),
(14, 'a', 'Aut qui nihil reiciendis dolorum. Nihil corporis delectus architecto odio quo numquam nisi. Ut aut quisquam hic ad sequi consectetur deleniti. Repellendus accusamus omnis quam iste labore incidunt.', 921, 1, 6, '2020-05-18 06:10:45', '2020-05-18 06:10:45'),
(15, 'amet', 'Magni quo sit aut. Reiciendis in laboriosam cum ducimus voluptatem. Quia et aliquam expedita in omnis.', 716, 7, 19, '2020-05-18 06:10:45', '2020-05-18 06:10:45'),
(16, 'est', 'Occaecati expedita ut quo laborum. Laboriosam ut blanditiis dolores et saepe tenetur. Voluptate est deleniti dolore magni et. Architecto facere aspernatur natus saepe dolorum voluptatibus.', 159, 8, 7, '2020-05-18 06:10:45', '2020-05-18 06:10:45'),
(17, 'qui', 'Dolorem nisi officia ut officia aut ut. Eveniet minima itaque aperiam ut. Corporis pariatur et est natus ea omnis.', 136, 4, 11, '2020-05-18 06:10:45', '2020-05-18 06:10:45'),
(18, 'earum', 'Vero aut delectus impedit et nostrum sint. Quod rerum omnis rerum earum cupiditate impedit debitis. Neque neque assumenda quod totam id. Ad officia nihil eveniet rem repellat.', 270, 3, 10, '2020-05-18 06:10:45', '2020-05-18 06:10:45'),
(19, 'a', 'Maiores autem voluptates maxime molestiae. Ex minima quisquam porro expedita. Et quod voluptatem aut aut omnis non sint ab. Rem non magni quo suscipit voluptatem tempora ratione tempore.', 538, 5, 7, '2020-05-18 06:10:45', '2020-05-18 06:10:45'),
(20, 'ea', 'Asperiores impedit iusto magni eaque. Soluta id autem voluptatem. Sit est autem aut aut velit rerum sit.', 408, 0, 24, '2020-05-18 06:10:45', '2020-05-18 06:10:45'),
(21, 'quo', 'Est totam nobis blanditiis laudantium qui voluptatem aut. Ipsam earum ut minus. Omnis eligendi qui harum velit reiciendis nihil.', 535, 0, 26, '2020-05-18 06:10:45', '2020-05-18 06:10:45'),
(22, 'quia', 'Perspiciatis id iste aut libero. Deserunt distinctio modi ut deserunt. Laboriosam accusamus placeat consectetur debitis dolore exercitationem quidem est.', 321, 6, 14, '2020-05-18 06:10:45', '2020-05-18 06:10:45'),
(23, 'doloribus', 'Voluptate ad assumenda qui in. Quia laudantium dolores dolor saepe enim similique dolorum. Culpa quae iure pariatur aliquid aut id.', 493, 4, 17, '2020-05-18 06:10:45', '2020-05-18 06:10:45'),
(24, 'cumque', 'At sunt aut mollitia distinctio eligendi nemo. Quia blanditiis magnam qui quisquam. Consectetur fuga voluptates distinctio sequi earum commodi sequi. Est sed voluptatem vitae voluptatum.', 346, 2, 4, '2020-05-18 06:10:45', '2020-05-18 06:10:45'),
(25, 'qui', 'Sint consequatur dolores aperiam optio enim. Dolor corrupti eum dolores quibusdam. Sed dolor voluptatem itaque velit impedit.', 616, 2, 23, '2020-05-18 06:10:45', '2020-05-18 06:10:45'),
(26, 'qui', 'Voluptatem qui quibusdam et veritatis impedit beatae. Voluptatem dolores eligendi voluptate eum quia. Eum molestiae dolor cum praesentium dolor. Ex enim error consequatur nihil tempore.', 704, 8, 5, '2020-05-18 06:10:45', '2020-05-18 06:10:45'),
(27, 'unde', 'At distinctio assumenda quia. Magnam modi iure minus sit vitae. Fuga excepturi enim labore nihil tempora. Nihil inventore sequi deserunt in reprehenderit itaque ipsum.', 179, 4, 6, '2020-05-18 06:10:45', '2020-05-18 06:10:45'),
(28, 'quia', 'Itaque nisi est vero qui occaecati quo id. Voluptatem consequatur debitis eius dolor. Voluptatem alias eos ex possimus. Consequatur sunt atque porro atque dolores.', 949, 0, 2, '2020-05-18 06:10:45', '2020-05-18 06:10:45'),
(29, 'in', 'Deserunt aliquam ipsam asperiores aut aspernatur temporibus dolorem. Nobis explicabo libero iusto sit. Veniam eum deleniti et magnam harum.', 749, 6, 10, '2020-05-18 06:10:45', '2020-05-18 06:10:45'),
(30, 'consequatur', 'Et non nihil voluptas in. Ipsum velit perferendis et cumque et omnis veniam. Corporis excepturi vitae quo nihil modi eligendi asperiores.', 136, 2, 26, '2020-05-18 06:10:45', '2020-05-18 06:10:45'),
(31, 'voluptatibus', 'Earum repellendus eaque placeat expedita enim adipisci illo. Aliquam eveniet alias reiciendis quod eius.', 818, 1, 18, '2020-05-18 06:10:45', '2020-05-18 06:10:45'),
(32, 'corporis', 'Aliquam quasi et eos ullam consequatur iste et dolorem. Voluptatem accusantium sequi mollitia molestias sunt facilis. Dolorum commodi eveniet in laborum quibusdam.', 239, 3, 23, '2020-05-18 06:10:45', '2020-05-18 06:10:45'),
(33, 'iusto', 'Necessitatibus dignissimos dolorem id fugit fugiat error dignissimos. Laboriosam accusamus ad voluptatibus dicta. Eligendi sint similique qui tempore facere odio. Nisi culpa nihil itaque iusto aut ex.', 412, 1, 22, '2020-05-18 06:10:45', '2020-05-18 06:10:45'),
(34, 'consequuntur', 'Consequatur saepe sit quos voluptatem. Corrupti voluptas sunt aut alias ducimus. Soluta doloremque vero iure quae dolores est.', 265, 7, 14, '2020-05-18 06:10:45', '2020-05-18 06:10:45'),
(35, 'ipsam', 'Distinctio fugiat architecto iusto itaque. Delectus distinctio possimus consequatur recusandae facilis. Expedita tempore corrupti doloremque ad voluptas labore tempore dolore. Sapiente cumque et vero voluptatem eum velit.', 523, 6, 20, '2020-05-18 06:10:45', '2020-05-18 06:10:45'),
(36, 'libero', 'Perspiciatis qui fugit quae qui sed qui minus voluptas. Distinctio totam aut labore officiis quo. Et dolorem optio laborum quasi non. Iure labore id ratione tempore veniam sapiente. Perspiciatis alias unde fugiat inventore officiis cupiditate nesciunt.', 168, 4, 30, '2020-05-18 06:10:45', '2020-05-18 06:10:45'),
(37, 'ut', 'Hic ipsum a itaque sed quae dolorem nam eum. Non nostrum dignissimos neque aut. Neque repellendus a molestiae aut dolorem. Quia nobis quis illum nihil doloribus nesciunt explicabo.', 724, 1, 27, '2020-05-18 06:10:45', '2020-05-18 06:10:45'),
(38, 'perspiciatis', 'Hic repudiandae excepturi veniam dolorem. Dolorem molestiae dolorem ullam laboriosam soluta. Laudantium deleniti porro eum dolores consequatur. Iusto quod amet consequatur nisi consequuntur repellat.', 271, 3, 26, '2020-05-18 06:10:45', '2020-05-18 06:10:45'),
(39, 'excepturi', 'Et qui sint et et. Earum alias quia commodi voluptatibus. Ut quia exercitationem tempore. Ut distinctio quam in quo eius reiciendis.', 344, 5, 16, '2020-05-18 06:10:45', '2020-05-18 06:10:45'),
(40, 'minima', 'Sed eos pariatur pariatur dignissimos et. Labore omnis officiis sed a aperiam ut necessitatibus sit. Mollitia quis a repellendus quae sequi suscipit et id.', 983, 5, 23, '2020-05-18 06:10:45', '2020-05-18 06:10:45'),
(41, 'dolorem', 'Et accusantium dolor minus sunt eum qui. Similique minima occaecati veritatis magni distinctio. Non eveniet necessitatibus et veniam veritatis ut aut accusamus. Dolor cumque excepturi animi eum. Modi fuga esse ipsum tempore perspiciatis impedit.', 824, 1, 15, '2020-05-18 06:10:45', '2020-05-18 06:10:45'),
(42, 'fugit', 'Recusandae vitae est nihil debitis expedita voluptates voluptatum. At velit eum nihil. Voluptatum sequi voluptatem fuga sapiente praesentium architecto. Dolorem quibusdam sit quidem cumque voluptas.', 203, 1, 15, '2020-05-18 06:10:45', '2020-05-18 06:10:45'),
(43, 'itaque', 'Nihil soluta sit exercitationem eius et. Repudiandae commodi aut nihil numquam asperiores. Assumenda minima perspiciatis corporis sequi totam deserunt.', 589, 5, 23, '2020-05-18 06:10:45', '2020-05-18 06:10:45'),
(44, 'vel', 'Aut corporis accusamus veritatis dolorem. Ipsam est ab quam corporis. Voluptatem repudiandae maxime ut iure.', 232, 5, 23, '2020-05-18 06:10:45', '2020-05-18 06:10:45'),
(45, 'quo', 'A earum totam eveniet et vitae dolorem veritatis. Ut repellendus consectetur ipsam nostrum reprehenderit. Accusantium porro vel dignissimos ex dolor.', 668, 1, 5, '2020-05-18 06:10:45', '2020-05-18 06:10:45'),
(46, 'illo', 'Aliquid impedit nesciunt quis ut facere. Libero quia odio sed. Ut tenetur consequatur aut blanditiis aut maiores ut numquam.', 561, 2, 14, '2020-05-18 06:10:45', '2020-05-18 06:10:45'),
(47, 'iure', 'Animi ad quia ex. Nisi et quis itaque labore. Repudiandae qui dolorem sit dolorum. Aut aut quibusdam similique commodi dolores a.', 589, 1, 26, '2020-05-18 06:10:45', '2020-05-18 06:10:45'),
(48, 'cum', 'Cupiditate illum nihil et maxime voluptatem ut. Et rem libero voluptatibus pariatur iure. Id laudantium minus architecto et eum rerum in dolore. Unde voluptatibus facilis sunt ea non quibusdam.', 979, 6, 2, '2020-05-18 06:10:45', '2020-05-18 06:10:45'),
(49, 'repudiandae', 'Est iusto non sit doloribus dolor enim. Expedita in qui libero architecto qui. Et in ratione quis beatae nobis ut repellendus.', 556, 4, 23, '2020-05-18 06:10:45', '2020-05-18 06:10:45'),
(50, 'autem', 'Consectetur sunt fuga dolores molestias sunt odit. Et non qui consequatur similique explicabo eos esse dolor. Itaque explicabo enim assumenda ea ullam odit voluptate aut.', 901, 1, 5, '2020-05-18 06:10:45', '2020-05-18 06:10:45');

-- --------------------------------------------------------

--
-- Table structure for table `reviews`
--

CREATE TABLE `reviews` (
  `id` bigint(20) UNSIGNED NOT NULL,
  `product_id` int(10) UNSIGNED NOT NULL,
  `customer` varchar(255) COLLATE utf8mb4_unicode_ci NOT NULL,
  `review` text COLLATE utf8mb4_unicode_ci NOT NULL,
  `star` int(11) NOT NULL,
  `created_at` timestamp NULL DEFAULT NULL,
  `updated_at` timestamp NULL DEFAULT NULL
) ENGINE=InnoDB DEFAULT CHARSET=utf8mb4 COLLATE=utf8mb4_unicode_ci;

--
-- Dumping data for table `reviews`
--

INSERT INTO `reviews` (`id`, `product_id`, `customer`, `review`, `star`, `created_at`, `updated_at`) VALUES
(1, 9, 'Barrett Medhurst MD', 'Aliquam quam quia reiciendis deserunt adipisci dolor sint nihil. Est commodi voluptas laudantium cumque facilis. Est repellendus exercitationem velit sunt voluptates dignissimos. Facere totam asperiores enim perspiciatis debitis ut quas magnam. Nobis aut et cum magni nemo.', 1, '2020-05-18 06:10:45', '2020-05-18 06:10:45'),
(2, 18, 'Prof. Alene Murray', 'Qui est facere alias eos iure eveniet eos. Velit quo provident necessitatibus ut rem ut quo. Aliquam dolorum tempora nihil ea incidunt. Vero maiores similique quia.', 4, '2020-05-18 06:10:45', '2020-05-18 06:10:45'),
(3, 4, 'Chris Predovic I', 'Repudiandae laudantium ad explicabo quia est omnis ut. Possimus rerum eaque minima enim temporibus magnam labore. Quaerat qui tenetur reprehenderit et. Quae perferendis aut consequatur qui assumenda. Exercitationem qui dolore natus est.', 3, '2020-05-18 06:10:45', '2020-05-18 06:10:45'),
(4, 26, 'Miss Destany Durgan Sr.', 'Similique sunt nemo facilis aut minus et. Aut autem totam ea incidunt tenetur accusantium.', 3, '2020-05-18 06:10:45', '2020-05-18 06:10:45'),
(5, 23, 'Alexandro Bosco', 'Sapiente dolores odit odit at alias repellat commodi. Quia corporis et ipsam et quia ut omnis.', 0, '2020-05-18 06:10:45', '2020-05-18 06:10:45'),
(6, 10, 'Agustin Greenholt', 'Et quibusdam harum consequatur quia cumque iusto nihil. Ipsa voluptatem veniam rerum ipsa.', 0, '2020-05-18 06:10:45', '2020-05-18 06:10:45'),
(7, 22, 'Conor Hettinger', 'Aut vel quos placeat veritatis. Quae mollitia adipisci pariatur et voluptatem praesentium. Nulla aut et sit qui vel sunt reiciendis.', 5, '2020-05-18 06:10:45', '2020-05-18 06:10:45'),
(8, 18, 'Haley Bailey DVM', 'Facere sit repellat et expedita ratione. Deserunt quaerat corrupti laborum a cum. Magni ea aut qui consequatur quam quidem quidem. Enim nemo veritatis delectus et perferendis.', 3, '2020-05-18 06:10:45', '2020-05-18 06:10:45'),
(9, 45, 'Dr. Tamia Prosacco Sr.', 'Alias aperiam quis aut harum. Alias adipisci aspernatur dolore nihil dolores explicabo facere aut. Doloremque nostrum quis molestiae corrupti dicta molestias.', 2, '2020-05-18 06:10:45', '2020-05-18 06:10:45'),
(10, 38, 'Dr. Augusta Turcotte MD', 'Itaque est consequatur consequuntur officiis est. Hic temporibus eaque maxime in. Architecto dolorum veniam qui dolore. A molestiae nulla tempora sit nisi.', 5, '2020-05-18 06:10:45', '2020-05-18 06:10:45'),
(11, 33, 'Sydnie VonRueden Sr.', 'At qui molestiae ex tempora et. Magnam sunt sed repellendus vel harum error. Nisi velit corporis et incidunt ut blanditiis consequatur. Reprehenderit voluptatem eveniet et repellendus laboriosam fugit.', 3, '2020-05-18 06:10:45', '2020-05-18 06:10:45'),
(12, 14, 'Joey McCullough', 'Nam odit corrupti et voluptatem distinctio sed amet. Ut reprehenderit et reprehenderit provident omnis. Soluta nam sed voluptatum dolorem aliquid. Rerum animi aut magnam dignissimos.', 1, '2020-05-18 06:10:45', '2020-05-18 06:10:45'),
(13, 18, 'Keira Johnston', 'Perspiciatis pariatur veniam dignissimos perspiciatis. Ipsum aut et eligendi. Repellendus expedita corrupti at ut rerum nemo ut.', 5, '2020-05-18 06:10:45', '2020-05-18 06:10:45'),
(14, 42, 'Jovany Murray', 'Consequatur explicabo culpa aut itaque libero omnis nam. Dolores consequatur cum omnis quam impedit et facilis.', 5, '2020-05-18 06:10:45', '2020-05-18 06:10:45'),
(15, 28, 'Kevin McDermott MD', 'Quasi sed incidunt quia modi. Deleniti tenetur sit cupiditate sit quia itaque perspiciatis porro. At nemo exercitationem harum perferendis modi reiciendis.', 3, '2020-05-18 06:10:45', '2020-05-18 06:10:45'),
(16, 20, 'Eric Hintz II', 'Quidem molestiae sint fuga. Sint nostrum itaque possimus amet cumque qui nam doloribus. Libero ut modi nam similique modi dolorum. Tempora at nostrum cupiditate in voluptatem ratione.', 4, '2020-05-18 06:10:45', '2020-05-18 06:10:45'),
(17, 50, 'Prof. Keara Ondricka PhD', 'Possimus commodi vero maiores recusandae odit et omnis. Nihil ut quia similique iure accusantium maxime fuga. Eius eos enim nemo quia.', 4, '2020-05-18 06:10:45', '2020-05-18 06:10:45'),
(18, 14, 'Prof. Milton Turcotte', 'Qui soluta dicta ipsa fugit. Et repudiandae tempore corrupti consequuntur ea nobis eum. Et reiciendis soluta a. Facilis qui assumenda cupiditate quis.', 2, '2020-05-18 06:10:45', '2020-05-18 06:10:45'),
(19, 39, 'Mr. Kale Harber DVM', 'Recusandae nulla omnis architecto voluptatem deleniti perspiciatis. Et rerum beatae rerum repudiandae ex eligendi. Eum repellendus ex cupiditate. Blanditiis et est labore tenetur consequuntur molestiae quis.', 0, '2020-05-18 06:10:45', '2020-05-18 06:10:45'),
(20, 23, 'Miss Geraldine Goldner DDS', 'Nesciunt natus et exercitationem ducimus est corrupti. Vel asperiores cum qui quam est rem. Labore est neque minima est et. Quo quia in porro mollitia et ut.', 1, '2020-05-18 06:10:45', '2020-05-18 06:10:45'),
(21, 39, 'Sanford Kihn DVM', 'Hic molestiae excepturi facere qui. Temporibus omnis placeat rerum rerum. Eligendi earum dolor consequatur consectetur. Cupiditate rerum quis maiores voluptas veritatis.', 4, '2020-05-18 06:10:45', '2020-05-18 06:10:45'),
(22, 13, 'Veda Wisoky Sr.', 'Qui est tempore quibusdam omnis. Omnis aperiam illo non consequatur et et.', 5, '2020-05-18 06:10:45', '2020-05-18 06:10:45'),
(23, 2, 'Frida Marquardt', 'Ut sit non quasi ut alias pariatur quibusdam. Culpa ipsum officia quaerat sit deleniti. Autem nulla ut deleniti nihil. Inventore vel sed voluptatem quo est.', 2, '2020-05-18 06:10:45', '2020-05-18 06:10:45'),
(24, 37, 'Prof. Terry Haley DVM', 'Quidem harum aliquam sit dolore vitae blanditiis. Rerum consequatur consequatur quo dolore nobis non rerum qui. Soluta animi iste minima est consequuntur expedita commodi voluptas. Culpa deserunt placeat ducimus veritatis ab voluptates et.', 0, '2020-05-18 06:10:45', '2020-05-18 06:10:45'),
(25, 6, 'Nathen Schowalter III', 'Omnis officia consequatur optio maxime. Et ratione illo qui ratione debitis. Labore aut illo aut eum. Voluptatem enim ab sapiente unde deleniti quidem tempora.', 2, '2020-05-18 06:10:45', '2020-05-18 06:10:45'),
(26, 43, 'Barrett Reinger V', 'Iusto nihil quae adipisci. Nihil veritatis iusto suscipit incidunt.', 5, '2020-05-18 06:10:45', '2020-05-18 06:10:45'),
(27, 3, 'Lilla Grady', 'Itaque modi id et optio quam est. Rem vitae sint omnis numquam suscipit maiores. Consectetur odio aspernatur est velit recusandae beatae. Quia quis reprehenderit voluptatum illo sunt quia voluptates.', 5, '2020-05-18 06:10:45', '2020-05-18 06:10:45'),
(28, 8, 'Otilia Reilly', 'Voluptatem sed reiciendis eaque ut. Nobis magnam possimus modi sed voluptas. Ab pariatur consequatur et nostrum beatae doloremque. Quisquam optio natus deserunt et odio.', 5, '2020-05-18 06:10:45', '2020-05-18 06:10:45'),
(29, 38, 'Dr. Velva Abernathy', 'Numquam sint veniam minus deserunt vitae enim sequi. Dolore voluptatem quo laborum cumque ut et. Numquam saepe voluptates aliquid est et quasi. Voluptas quos at consequuntur quia quasi.', 4, '2020-05-18 06:10:45', '2020-05-18 06:10:45'),
(30, 13, 'Miss Tierra Toy', 'Non nulla non quos laborum. Eaque autem non voluptates omnis praesentium asperiores. Nostrum neque excepturi pariatur. Aut saepe et similique consequatur.', 2, '2020-05-18 06:10:45', '2020-05-18 06:10:45'),
(31, 8, 'Michele Funk Sr.', 'Qui tenetur repellendus ab rerum ex qui adipisci. Rerum ullam voluptatem enim nobis aut at. Dolorum consequatur id aut.', 2, '2020-05-18 06:10:45', '2020-05-18 06:10:45'),
(32, 49, 'Deborah Hansen', 'Rerum aliquam rerum vitae amet esse voluptatem aut architecto. Et est porro repudiandae quis aperiam. Corrupti facilis hic architecto fugiat. Saepe id dolor placeat quisquam architecto.', 4, '2020-05-18 06:10:45', '2020-05-18 06:10:45'),
(33, 20, 'Mrs. Emily Runolfsdottir IV', 'Nihil facere et quidem et quo et laboriosam. Libero quia dolor nihil et velit similique autem veritatis. Molestiae enim nisi delectus corporis ea cum exercitationem. Consequuntur dolorem cupiditate et dolor saepe consequatur magnam.', 1, '2020-05-18 06:10:45', '2020-05-18 06:10:45'),
(34, 10, 'Randi Bahringer', 'Iure facere sunt saepe ut eaque rem et. Et magni veniam nam neque. Accusamus et qui non sed nihil soluta nemo. Aut est sed dolorum. Aut eaque earum labore asperiores asperiores laudantium.', 1, '2020-05-18 06:10:45', '2020-05-18 06:10:45'),
(35, 30, 'Marc Pfeffer', 'Quaerat officiis soluta vel qui nihil numquam. Dignissimos qui aut pariatur quibusdam commodi earum eum. Porro quia repellat soluta tempora est. Occaecati ratione aut numquam hic.', 4, '2020-05-18 06:10:45', '2020-05-18 06:10:45'),
(36, 36, 'Abelardo Christiansen', 'Iusto et libero inventore a eum. Aspernatur libero occaecati qui tenetur non excepturi itaque. Veniam accusamus odio dignissimos officiis quis.', 5, '2020-05-18 06:10:45', '2020-05-18 06:10:45'),
(37, 21, 'Hans Ward', 'Sed facilis sint cum voluptatem consequatur illo minima. Quis consectetur amet id cum. Repudiandae maxime praesentium molestias beatae. Architecto sapiente voluptatum perspiciatis est consequuntur non.', 2, '2020-05-18 06:10:45', '2020-05-18 06:10:45'),
(38, 21, 'Stacy Klein', 'Quae itaque dolore quibusdam beatae vel et. Natus illum ad dolorum aut enim ut. Fugiat doloremque est placeat. Aut dignissimos inventore ipsam et.', 1, '2020-05-18 06:10:45', '2020-05-18 06:10:45'),
(39, 44, 'Jeffery Durgan', 'Et vel suscipit quidem beatae ipsum enim. Ratione perferendis veritatis sequi. Et similique temporibus ab officiis voluptatum autem quasi.', 4, '2020-05-18 06:10:45', '2020-05-18 06:10:45'),
(40, 11, 'Randall Hegmann', 'Sed incidunt sit quis quis maiores et impedit amet. Similique eaque vitae fugit sunt. Dolores sint modi ipsam sit. Ut natus aut minima hic adipisci reiciendis illo maiores.', 3, '2020-05-18 06:10:45', '2020-05-18 06:10:45'),
(41, 46, 'Angelita Mraz I', 'Quisquam et aut nulla id non. Et eos accusamus enim ea. Minus in et non quaerat.', 5, '2020-05-18 06:10:45', '2020-05-18 06:10:45'),
(42, 39, 'Prof. Stevie Rowe', 'Qui animi dignissimos rerum. Ipsa deserunt dolorem tenetur et incidunt iure quam. Explicabo ab alias maiores. Magnam quo cumque saepe voluptates.', 4, '2020-05-18 06:10:45', '2020-05-18 06:10:45'),
(43, 26, 'Dr. Ruthie Hansen I', 'Ea et eos asperiores fugiat. Est soluta autem et laudantium.', 5, '2020-05-18 06:10:45', '2020-05-18 06:10:45'),
(44, 22, 'Mireille Mann', 'Repudiandae natus debitis et vel. Non sed ea officia molestiae non. Et rem sed qui magni quam amet. Saepe eveniet modi mollitia et fugiat corporis enim facere.', 5, '2020-05-18 06:10:45', '2020-05-18 06:10:45'),
(45, 7, 'Lucile Hills', 'Laudantium voluptates aliquam vel atque. Aut sapiente adipisci at doloremque. Voluptatem veritatis ducimus quasi et consequuntur quas. Consequatur nihil quod architecto sed.', 5, '2020-05-18 06:10:45', '2020-05-18 06:10:45'),
(46, 3, 'Estel Bosco PhD', 'Consequatur ipsa est atque similique. Est maiores dolores pariatur. Veritatis blanditiis sunt molestiae consequatur. Nesciunt modi temporibus eos eum quidem.', 4, '2020-05-18 06:10:45', '2020-05-18 06:10:45'),
(47, 44, 'Anika Price I', 'Amet nostrum alias officiis aut explicabo. Sit molestias voluptas et repudiandae nihil cupiditate eum. Eius at porro quia. Facilis sapiente libero est ratione dolor.', 3, '2020-05-18 06:10:45', '2020-05-18 06:10:45'),
(48, 44, 'Tatum Hahn', 'Voluptas numquam reprehenderit suscipit fugiat beatae inventore. Praesentium porro qui occaecati enim dolores aut. Nulla odit quo incidunt voluptate exercitationem.', 3, '2020-05-18 06:10:45', '2020-05-18 06:10:45'),
(49, 28, 'Denis Brekke', 'Veritatis vel consequatur ex quas consectetur. Molestias quia dolorum quia. Modi qui minima reprehenderit dolore mollitia itaque odio. Qui nihil voluptatum totam et et et itaque.', 5, '2020-05-18 06:10:45', '2020-05-18 06:10:45'),
(50, 14, 'Ms. Jenifer Kshlerin', 'Commodi provident est et nemo nisi. Labore id magnam qui eveniet est nihil ex. Ad sit aut aspernatur saepe dicta non.', 5, '2020-05-18 06:10:45', '2020-05-18 06:10:45'),
(51, 34, 'Filiberto Kuhlman', 'Mollitia accusantium commodi omnis dolores. Et dolore totam assumenda est nihil. Aperiam consequatur ullam labore dolorum. Nostrum voluptas eum rerum tempora.', 4, '2020-05-18 06:10:45', '2020-05-18 06:10:45'),
(52, 13, 'Lolita Beer', 'Earum ipsam nam nostrum maxime eveniet. Velit ea nisi qui cum voluptatum in quasi in. Officia quia ipsum enim recusandae rerum.', 3, '2020-05-18 06:10:45', '2020-05-18 06:10:45'),
(53, 41, 'Jamar Romaguera', 'Culpa nesciunt voluptatem ea enim aut doloremque. Temporibus qui maxime ratione optio delectus. Eos voluptatibus quisquam optio omnis et dolores suscipit.', 4, '2020-05-18 06:10:45', '2020-05-18 06:10:45'),
(54, 23, 'Leonard Spencer', 'Et maxime nostrum illo doloremque dolores dolorem. Occaecati ut quos expedita maxime. Repellat consectetur dignissimos alias nulla officia voluptas aliquid eos.', 0, '2020-05-18 06:10:45', '2020-05-18 06:10:45'),
(55, 44, 'Dr. Brenna Beier IV', 'Dolor consequatur tenetur autem. Fugit sed laboriosam id vero molestiae libero.', 5, '2020-05-18 06:10:45', '2020-05-18 06:10:45'),
(56, 29, 'Zelma Franecki', 'Et adipisci repellat qui cum nulla itaque. Repellendus cum non ut fugit dolorum. Sint nobis dolorem voluptas harum cumque dicta.', 2, '2020-05-18 06:10:45', '2020-05-18 06:10:45'),
(57, 48, 'Dameon Bosco', 'Placeat facilis est sequi ea qui. Iure consequatur sunt porro quae saepe quam culpa. Magni optio commodi aut quo ut. Esse fugit error cum.', 4, '2020-05-18 06:10:45', '2020-05-18 06:10:45'),
(58, 16, 'Meta Luettgen', 'Enim pariatur minus at expedita deserunt. Molestias necessitatibus doloremque ad aspernatur. Aliquam quasi necessitatibus doloribus. Vel sed corrupti id ut animi non.', 1, '2020-05-18 06:10:45', '2020-05-18 06:10:45'),
(59, 29, 'Dr. Delaney Bode', 'Asperiores porro at et vero in rerum. Officia est excepturi explicabo similique.', 2, '2020-05-18 06:10:45', '2020-05-18 06:10:45'),
(60, 25, 'Haven Nienow', 'Dolor sunt nemo et molestiae qui aut. Sed omnis doloremque eius. Est tenetur neque quam.', 0, '2020-05-18 06:10:45', '2020-05-18 06:10:45'),
(61, 34, 'Yvette Pouros III', 'Doloribus beatae id veniam nam omnis sequi et. Eaque commodi et incidunt est ipsam. Sed animi reiciendis porro nobis. Id quo earum enim dolorem illum explicabo molestiae.', 3, '2020-05-18 06:10:45', '2020-05-18 06:10:45'),
(62, 3, 'Felicia Brakus', 'Minus ducimus porro consequatur nihil beatae. Nihil quia fugiat ab non iure vel. Facilis repellendus qui quisquam voluptatem quia quis nulla atque.', 4, '2020-05-18 06:10:45', '2020-05-18 06:10:45'),
(63, 43, 'Sedrick O\'Kon', 'Quis recusandae quia veritatis qui provident doloremque dolorum necessitatibus. Blanditiis adipisci veniam vel autem voluptas est consequatur et. Id porro ab et nesciunt. Est ex architecto voluptatum illum harum ipsa.', 0, '2020-05-18 06:10:45', '2020-05-18 06:10:45'),
(64, 4, 'Cordell Hackett', 'Dolorum maxime odio et et. Molestiae commodi quas rerum veritatis omnis ullam enim. Fugit vero sunt voluptatibus. Dignissimos incidunt fugiat incidunt nihil at.', 4, '2020-05-18 06:10:45', '2020-05-18 06:10:45'),
(65, 36, 'Miss Taryn Koch DVM', 'Et dolores omnis a quidem harum non. Voluptate et quo sit omnis. Non sunt nulla ducimus aliquam et ad occaecati. Dolor ut aut ab sint.', 2, '2020-05-18 06:10:45', '2020-05-18 06:10:45'),
(66, 8, 'Mrs. Jolie Volkman I', 'Quibusdam sapiente et maxime velit magni delectus sequi sequi. Recusandae repellat delectus et nisi rem. Perferendis aut dolore ut quae vitae.', 2, '2020-05-18 06:10:45', '2020-05-18 06:10:45'),
(67, 24, 'Andrew Brakus', 'Alias adipisci eos rerum eum voluptas fugit totam ex. Illo mollitia dolorem nesciunt vel delectus. Nihil corrupti at vero sit. Aliquid voluptatem consectetur aperiam est velit a est eum. Cumque fuga officiis et ullam et rerum exercitationem.', 0, '2020-05-18 06:10:45', '2020-05-18 06:10:45'),
(68, 42, 'Nova McLaughlin', 'Autem ab et quis. Ut nihil aspernatur sed non ut. Tempore sit eos maiores quisquam laboriosam facere beatae.', 0, '2020-05-18 06:10:45', '2020-05-18 06:10:45'),
(69, 21, 'Pasquale Reichert', 'Aperiam nisi eum qui excepturi. Voluptatum possimus quaerat recusandae. Veniam consequatur sed qui mollitia.', 5, '2020-05-18 06:10:45', '2020-05-18 06:10:45'),
(70, 20, 'Alejandra Murazik', 'Asperiores qui nihil reiciendis enim et perferendis. Atque sequi placeat molestiae explicabo. Dignissimos odit ipsum qui repellat sunt inventore. Rerum autem distinctio libero sunt voluptate qui non quo.', 2, '2020-05-18 06:10:45', '2020-05-18 06:10:45'),
(71, 20, 'Jasen McGlynn', 'Provident et quibusdam ullam architecto quos unde. Tempora doloremque aliquam autem sit repudiandae.', 4, '2020-05-18 06:10:45', '2020-05-18 06:10:45'),
(72, 13, 'Ms. Clementine Terry', 'Dolorem totam tenetur at optio quia. Sit reprehenderit quisquam voluptas minima voluptas. Ullam qui sunt dolores fugit iste.', 5, '2020-05-18 06:10:45', '2020-05-18 06:10:45'),
(73, 36, 'Prof. Jack Douglas DVM', 'Modi dolores quas beatae libero voluptatem ullam enim. Aut minus ipsum est consequatur. Eos harum molestiae dicta laborum a. Modi qui rerum temporibus rerum et repellendus.', 5, '2020-05-18 06:10:45', '2020-05-18 06:10:45'),
(74, 44, 'Dakota Goyette', 'Placeat aut quis quisquam quod. Placeat rem pariatur rem et quia. Cum nemo quasi et aspernatur.', 2, '2020-05-18 06:10:45', '2020-05-18 06:10:45'),
(75, 43, 'Miss Jessika Lynch', 'Ut ratione possimus esse qui illum voluptatum iusto. Quia at pariatur porro et iure. Assumenda similique rerum hic et ea. Placeat perferendis molestiae ut fugiat qui officia rerum. Temporibus natus voluptas cumque placeat exercitationem.', 5, '2020-05-18 06:10:45', '2020-05-18 06:10:45'),
(76, 16, 'Mr. Danial Jacobs DVM', 'Quos voluptas doloremque dolores ea quisquam autem. Cupiditate iste officiis nihil deserunt ut et sequi.', 3, '2020-05-18 06:10:45', '2020-05-18 06:10:45'),
(77, 38, 'Mr. Miles O\'Connell', 'Consectetur sit soluta aspernatur quia aut sit est. Possimus quod sit repellendus eum aut quia. Beatae atque maxime architecto itaque. Ad eos natus culpa reiciendis dolorem minima.', 1, '2020-05-18 06:10:45', '2020-05-18 06:10:45'),
(78, 39, 'Ressie Hahn', 'Vero reiciendis quasi sunt accusantium explicabo explicabo non minima. Voluptatem debitis quam molestiae doloremque necessitatibus non aut consectetur. Fugiat ut fugiat omnis inventore voluptas voluptatem consequatur.', 5, '2020-05-18 06:10:45', '2020-05-18 06:10:45'),
(79, 26, 'Terry Aufderhar', 'Qui delectus quia voluptates reprehenderit. Veritatis repellat ut voluptas error. Optio perferendis consequatur itaque maxime sed.', 2, '2020-05-18 06:10:45', '2020-05-18 06:10:45'),
(80, 21, 'Mr. Constantin Christiansen PhD', 'Dignissimos velit odio quia dolores modi pariatur qui. Nemo iste eos minus quia voluptatem ipsa quasi. Sint expedita totam non dolor. Ullam exercitationem quasi et non dolores omnis.', 2, '2020-05-18 06:10:45', '2020-05-18 06:10:45'),
(81, 26, 'Tyrese Koelpin', 'Dicta adipisci debitis aut impedit rerum. Perferendis voluptatum similique explicabo earum sed sunt. Et eum quisquam qui libero. Nam quibusdam totam ea voluptas fuga expedita.', 2, '2020-05-18 06:10:45', '2020-05-18 06:10:45'),
(82, 6, 'Mr. Brett Hamill DVM', 'Perspiciatis voluptatibus esse non repellendus facilis excepturi repudiandae. Ut rerum atque assumenda odit unde iste. A rerum sunt reiciendis nostrum culpa et odio.', 3, '2020-05-18 06:10:45', '2020-05-18 06:10:45'),
(83, 23, 'Christina Bashirian', 'Iusto enim explicabo et consequuntur aut. Beatae dolorum aliquam aliquid. Sint est animi dolorum incidunt voluptatem natus dolor.', 5, '2020-05-18 06:10:45', '2020-05-18 06:10:45'),
(84, 16, 'Wayne Schaefer', 'Ducimus perferendis velit ullam esse illum voluptatum. Aliquid mollitia eaque natus sed.', 0, '2020-05-18 06:10:45', '2020-05-18 06:10:45'),
(85, 49, 'Devante Gusikowski', 'Laudantium omnis eos possimus corporis quo libero quia. Labore omnis quidem neque error. Deleniti voluptatem quas est earum. Nisi rerum ea molestiae ea quasi deleniti eaque.', 2, '2020-05-18 06:10:45', '2020-05-18 06:10:45'),
(86, 24, 'Alford Osinski', 'Maxime molestiae nisi cum quidem vel cumque repellat. Id autem omnis voluptate voluptatem voluptas rerum. Accusamus vitae asperiores voluptate magnam sit eos occaecati. Ut culpa rerum eius.', 4, '2020-05-18 06:10:45', '2020-05-18 06:10:45'),
(87, 34, 'Josephine Wisozk', 'Nostrum illo rerum officiis a corporis. Deleniti aliquid voluptates iste ea ut. Facere exercitationem sit doloribus. Fugit autem sint adipisci incidunt consequatur itaque.', 0, '2020-05-18 06:10:45', '2020-05-18 06:10:45'),
(88, 22, 'Davin Ankunding', 'Adipisci quos quos animi qui earum assumenda. Qui eum dignissimos accusantium molestias. Sapiente repellat eligendi itaque qui.', 4, '2020-05-18 06:10:45', '2020-05-18 06:10:45'),
(89, 20, 'Eriberto Harber', 'Maxime sint soluta recusandae corporis veritatis quia quis. Dolorem sed velit voluptatem dolore beatae quae.', 5, '2020-05-18 06:10:45', '2020-05-18 06:10:45'),
(90, 1, 'Christian Hilpert', 'Quo voluptatum omnis id soluta odit provident consequatur. Occaecati aperiam nobis rerum sit id vero sunt. Et est fugit facere et sit aut nesciunt.', 4, '2020-05-18 06:10:45', '2020-05-18 06:10:45'),
(91, 13, 'Elena Wilkinson DDS', 'Consequuntur quam dolores maiores omnis in et et. Consequatur ut consequatur qui. Distinctio recusandae error est repellat hic sunt deserunt. Molestias voluptas aperiam natus vel consequuntur.', 2, '2020-05-18 06:10:45', '2020-05-18 06:10:45'),
(92, 6, 'Christophe Boehm', 'Inventore at vel aspernatur eius provident magnam. Quod voluptatem ipsam earum laudantium laudantium. Maiores provident architecto ut repellendus id et.', 2, '2020-05-18 06:10:45', '2020-05-18 06:10:45'),
(93, 19, 'Camila Balistreri', 'Veritatis id consequuntur ducimus rerum aut reprehenderit enim. Voluptatum itaque ut aut molestias reiciendis blanditiis sapiente eveniet. Quas saepe quae ut quod aliquam et.', 2, '2020-05-18 06:10:45', '2020-05-18 06:10:45'),
(94, 50, 'Ava Brekke', 'Debitis unde quos consequatur molestias autem sed. Laboriosam quae aliquid molestias dolor est maxime officia. Ut quibusdam fugit at voluptate minima. Iste facere molestiae asperiores cum rem accusantium aut.', 0, '2020-05-18 06:10:45', '2020-05-18 06:10:45'),
(95, 1, 'Lane Labadie', 'Hic quis totam enim vel aut aut. Deleniti numquam et sed cupiditate. Voluptatem consequatur ipsa totam maiores neque. Et necessitatibus sed expedita sunt consequatur et qui.', 2, '2020-05-18 06:10:45', '2020-05-18 06:10:45'),
(96, 13, 'Martin Parisian', 'Quaerat consequuntur numquam explicabo qui mollitia reiciendis eos. Quaerat vitae nihil aperiam iste et esse.', 4, '2020-05-18 06:10:45', '2020-05-18 06:10:45'),
(97, 1, 'Heath Hilpert', 'Sit voluptas perferendis eveniet quia consequuntur et aliquam. Molestias est occaecati magni atque. Enim voluptatem minima facere deleniti similique porro praesentium.', 4, '2020-05-18 06:10:45', '2020-05-18 06:10:45'),
(98, 8, 'Prof. Ayana Bartell Jr.', 'Dolorum vel iusto deserunt qui tempore. Maxime labore aspernatur quasi reiciendis reiciendis quo illum. Voluptas reprehenderit voluptas nisi molestiae placeat adipisci necessitatibus. Odio at impedit quo quia eius quo.', 4, '2020-05-18 06:10:45', '2020-05-18 06:10:45'),
(99, 1, 'Darion Homenick', 'Tenetur vel libero aperiam illum architecto aperiam sint nesciunt. Doloribus quae cupiditate ea iusto harum. Illo aut excepturi qui velit accusantium.', 3, '2020-05-18 06:10:45', '2020-05-18 06:10:45'),
(100, 37, 'Sydnee Thiel III', 'Tenetur perferendis et error corrupti. Qui porro corporis ut nisi et repudiandae. Omnis accusamus in itaque iure voluptas id.', 0, '2020-05-18 06:10:45', '2020-05-18 06:10:45'),
(101, 45, 'Camilla Marvin V', 'Ut quia impedit vitae debitis. Ipsum voluptatibus est cumque soluta. Voluptatum nihil ea sequi asperiores.', 5, '2020-05-18 06:10:45', '2020-05-18 06:10:45'),
(102, 8, 'Karli Haag', 'Quia veniam hic optio harum aliquid. Sunt asperiores numquam ut occaecati hic est. Qui assumenda voluptatem ut dolores qui.', 5, '2020-05-18 06:10:45', '2020-05-18 06:10:45'),
(103, 1, 'Berta Ankunding', 'Qui dolores iusto necessitatibus in omnis temporibus. Aliquam a voluptas sit sunt possimus nulla. Omnis sit aliquam est. Reiciendis reprehenderit quam maiores porro qui.', 1, '2020-05-18 06:10:45', '2020-05-18 06:10:45'),
(104, 40, 'Grover Welch', 'Dolores nobis voluptas nostrum beatae autem porro. Magnam quod atque doloribus. Nihil animi repellat non pariatur. Dolores et aut adipisci.', 0, '2020-05-18 06:10:45', '2020-05-18 06:10:45'),
(105, 24, 'Althea Bartell', 'Voluptas eius et et consequuntur aut. Voluptatibus debitis explicabo officiis quo doloremque consequatur aut recusandae. Tempora dolore cumque corporis voluptatem eos quisquam. Debitis deleniti et quidem voluptatibus non quibusdam ut.', 0, '2020-05-18 06:10:45', '2020-05-18 06:10:45'),
(106, 19, 'Malika Hammes', 'Dolor omnis consequatur debitis. Corrupti sed ad nostrum molestiae. Dolore tenetur dolor est pariatur. Fugiat qui at totam voluptatibus consequatur.', 2, '2020-05-18 06:10:45', '2020-05-18 06:10:45'),
(107, 8, 'Damion Emmerich I', 'Deserunt voluptatum vel officia totam dolor eos ut. Aut velit quis voluptates et nam dolorem vitae. Id nam quisquam consectetur ratione mollitia praesentium. Et tenetur recusandae quos laborum non saepe.', 4, '2020-05-18 06:10:45', '2020-05-18 06:10:45'),
(108, 45, 'Bradford Fisher', 'Dolor et officia a possimus perferendis. Libero hic id sint culpa excepturi.', 5, '2020-05-18 06:10:45', '2020-05-18 06:10:45'),
(109, 37, 'Simeon Rohan', 'Dolor dignissimos et reiciendis molestias optio et officiis. Quia aut doloribus omnis et. Minima est nostrum autem quas officia.', 2, '2020-05-18 06:10:45', '2020-05-18 06:10:45'),
(110, 5, 'Brice Langworth', 'Eveniet minus quisquam cum et est. Sed iusto distinctio non nemo quasi. Ut aut ipsa est sit quae porro omnis.', 4, '2020-05-18 06:10:45', '2020-05-18 06:10:45'),
(111, 30, 'Anabel Gleason Sr.', 'Eos ut facere quis incidunt. Sapiente facilis consequatur commodi deleniti non minus aut. Architecto voluptates non blanditiis quod sit eveniet. Quia est tempore dignissimos expedita.', 0, '2020-05-18 06:10:45', '2020-05-18 06:10:45'),
(112, 16, 'Dr. Torey Kub', 'Distinctio qui vero magnam tempore est reprehenderit sunt. Pariatur sunt sapiente velit. Minima modi et vel aut in.', 1, '2020-05-18 06:10:45', '2020-05-18 06:10:45'),
(113, 29, 'Prof. Onie Rogahn Jr.', 'Quaerat consectetur sit et rem officiis ut doloribus nulla. Possimus laboriosam quaerat dicta nisi numquam deserunt. Et optio dicta autem. Inventore iste nulla illo dolorum doloribus inventore est.', 4, '2020-05-18 06:10:45', '2020-05-18 06:10:45'),
(114, 18, 'Prof. Kim Boyle DDS', 'Rerum esse similique neque omnis. Eum aliquam aspernatur excepturi vel. Eius ex sequi quis corrupti aut. Laboriosam consequatur expedita minima et.', 1, '2020-05-18 06:10:45', '2020-05-18 06:10:45'),
(115, 46, 'Kaela Ratke', 'Veniam qui tenetur sapiente modi aspernatur qui. Ullam rerum qui omnis nulla amet et. Natus voluptas vel facere qui atque reprehenderit.', 0, '2020-05-18 06:10:45', '2020-05-18 06:10:45'),
(116, 4, 'Mr. Nat Kohler III', 'Debitis unde in qui nam repudiandae. Ipsa assumenda architecto minus voluptatem pariatur inventore fugiat. Consequuntur neque necessitatibus molestiae.', 0, '2020-05-18 06:10:45', '2020-05-18 06:10:45'),
(117, 10, 'Mr. Devonte Beier II', 'Aut optio voluptatem aliquid cupiditate ab quis. Exercitationem et labore iure rerum quis.', 1, '2020-05-18 06:10:45', '2020-05-18 06:10:45'),
(118, 30, 'Dr. Lavon Mosciski Jr.', 'Excepturi est vel ea est officiis ipsum. Nesciunt accusamus autem enim qui quia nam sapiente. Ex rem et eligendi est dolor maxime aspernatur.', 4, '2020-05-18 06:10:45', '2020-05-18 06:10:45'),
(119, 40, 'Trisha Howe DVM', 'Et dolorem rerum quo. Quibusdam vitae vitae sed soluta deleniti.', 4, '2020-05-18 06:10:45', '2020-05-18 06:10:45'),
(120, 44, 'Ruth Herman', 'Qui nemo ratione mollitia voluptatum quod id fugit. Molestiae optio omnis ex alias dolores. Assumenda veniam ut velit quia consectetur quis.', 3, '2020-05-18 06:10:45', '2020-05-18 06:10:45'),
(121, 22, 'Devan Predovic Jr.', 'Quia accusantium odio dolor deleniti et. Aperiam voluptas aut accusamus et eius. Recusandae sunt voluptatum a qui. Porro quia aut aperiam similique blanditiis. Amet tempora quidem odio quo velit.', 5, '2020-05-18 06:10:45', '2020-05-18 06:10:45'),
(122, 14, 'Kale D\'Amore', 'Debitis accusantium tenetur unde esse fugit. Corporis asperiores ratione dolorum aut adipisci. Quos aliquid est exercitationem sed est voluptatem hic.', 2, '2020-05-18 06:10:45', '2020-05-18 06:10:45'),
(123, 39, 'Mr. Rahul Toy DVM', 'Sit nobis ex aspernatur ut. Illum nulla quidem veritatis voluptas libero reprehenderit. Porro consequuntur accusantium blanditiis fuga consequatur qui.', 3, '2020-05-18 06:10:45', '2020-05-18 06:10:45'),
(124, 32, 'Orval Vandervort PhD', 'Voluptas nostrum quia reprehenderit exercitationem expedita molestias veritatis. Corporis eos illo vero officia sit. Necessitatibus debitis incidunt occaecati aut quibusdam. Ipsam vel laboriosam maxime est adipisci. Voluptas ut quia quia quaerat.', 4, '2020-05-18 06:10:45', '2020-05-18 06:10:45'),
(125, 4, 'Mrs. Rozella Douglas PhD', 'Dicta occaecati aut qui laborum. Dicta et eum qui cum eligendi aut sed. Vel enim id esse repudiandae minima ea voluptatum. Consequatur aliquid quia laborum velit.', 2, '2020-05-18 06:10:45', '2020-05-18 06:10:45'),
(126, 46, 'Beaulah Kunde', 'Commodi corporis ut explicabo magnam optio aut fuga. Et repellat cum tempora accusamus excepturi ipsa.', 0, '2020-05-18 06:10:45', '2020-05-18 06:10:45'),
(127, 44, 'Mafalda Wolff', 'Est ratione doloribus aut aspernatur voluptate est. Pariatur ut est odio voluptate asperiores odio. Magni et voluptate repellendus qui nulla mollitia voluptatum.', 5, '2020-05-18 06:10:45', '2020-05-18 06:10:45'),
(128, 49, 'Elvera Emard', 'Omnis omnis maiores iure molestiae sequi et unde. Tempora neque cumque voluptatem non ut officia corrupti. Voluptatum aperiam suscipit animi et laboriosam.', 5, '2020-05-18 06:10:45', '2020-05-18 06:10:45'),
(129, 47, 'Mr. Elmer Littel', 'Reprehenderit repudiandae natus perferendis quasi velit ipsum voluptas. Ipsa similique aut earum modi. Ex quia eveniet qui aspernatur dolor earum facere. Tempora et excepturi ab explicabo voluptas.', 4, '2020-05-18 06:10:45', '2020-05-18 06:10:45'),
(130, 16, 'Nickolas Brekke', 'Voluptatem consectetur voluptate non cupiditate illo et. Consequuntur qui quidem delectus earum placeat.', 1, '2020-05-18 06:10:45', '2020-05-18 06:10:45'),
(131, 41, 'Prof. Savanna Crona Sr.', 'Sunt dignissimos quia sint perferendis. Velit quia maxime perferendis pariatur autem possimus aut. Provident esse reiciendis voluptatem.', 4, '2020-05-18 06:10:45', '2020-05-18 06:10:45'),
(132, 44, 'Ray Jakubowski Jr.', 'Culpa quos laudantium porro non sit iste non quod. Nihil commodi odio qui qui explicabo enim. Laudantium sed voluptas ducimus sunt iste quis.', 2, '2020-05-18 06:10:45', '2020-05-18 06:10:45'),
(133, 1, 'Antoinette Borer DVM', 'Consequuntur eum nobis et odio. Quos molestiae laboriosam id ut. Et explicabo voluptates dolores quaerat eos corrupti inventore qui.', 1, '2020-05-18 06:10:45', '2020-05-18 06:10:45'),
(134, 25, 'Miracle Stanton', 'Omnis enim omnis reiciendis libero doloribus aliquam consectetur quaerat. Ducimus nemo cum sunt voluptatum aut natus consectetur impedit. Beatae explicabo numquam incidunt est voluptatem debitis ipsam.', 4, '2020-05-18 06:10:45', '2020-05-18 06:10:45'),
(135, 16, 'Hosea Cassin', 'Amet voluptatem quo ut. Eveniet dolore consequatur architecto hic est sunt. Esse at asperiores dolores quod est natus quasi nam.', 4, '2020-05-18 06:10:45', '2020-05-18 06:10:45'),
(136, 18, 'Bill Heidenreich', 'Delectus atque corrupti mollitia quod dolor. Sit veniam laudantium numquam consequuntur. Et repudiandae reiciendis repudiandae quia alias in quae aut.', 5, '2020-05-18 06:10:45', '2020-05-18 06:10:45'),
(137, 49, 'Veda Connelly I', 'Inventore omnis aperiam et ipsum est expedita. Et amet fugiat veniam officiis tempore dignissimos. Quibusdam qui est iusto molestias expedita quia est. Quos sit autem similique.', 3, '2020-05-18 06:10:45', '2020-05-18 06:10:45'),
(138, 41, 'Ms. Kyra Collins MD', 'A sed ipsum rem sed. Velit perspiciatis dolor unde alias quam quis. In quidem iusto placeat. Ut provident minus nesciunt aut est.', 5, '2020-05-18 06:10:45', '2020-05-18 06:10:45'),
(139, 47, 'Rashad Hand MD', 'Earum qui voluptatem eos odit cupiditate consequatur deleniti recusandae. Mollitia unde doloribus et ullam sequi illo. Quae est amet maiores quas non voluptatem. Enim reprehenderit consequatur et dolores ducimus nobis. Qui sequi animi voluptatum et aperiam occaecati sunt.', 4, '2020-05-18 06:10:45', '2020-05-18 06:10:45'),
(140, 35, 'Darion Dietrich I', 'Inventore optio magni itaque voluptatum et est. Eligendi dolorum eius quaerat excepturi dolore. Tempore illum quo expedita molestiae. Distinctio ea et nam non sapiente autem aut.', 3, '2020-05-18 06:10:45', '2020-05-18 06:10:45'),
(141, 27, 'Cordie Rosenbaum', 'Qui ut similique molestiae maxime est. Similique voluptatum nihil aut maxime distinctio quasi temporibus. Ea consequatur quam asperiores est magnam.', 0, '2020-05-18 06:10:45', '2020-05-18 06:10:45'),
(142, 15, 'Hollie Pagac', 'Et accusamus quo harum aut adipisci est. Blanditiis cumque iure assumenda sit quia praesentium qui. Vel minus alias minima placeat. Vel fugiat qui aperiam facere delectus porro.', 5, '2020-05-18 06:10:45', '2020-05-18 06:10:45'),
(143, 2, 'Prof. Karli Fahey IV', 'Tempore inventore sit ipsam quia odit. Consequatur voluptas laboriosam reprehenderit quos. Et dignissimos reprehenderit ipsa harum.', 5, '2020-05-18 06:10:45', '2020-05-18 06:10:45'),
(144, 20, 'Juwan Rippin', 'Cupiditate est maiores quae ea omnis laboriosam. Est dolorem optio debitis quia exercitationem odio molestiae. Sunt corporis assumenda eos necessitatibus quidem sit est ea.', 2, '2020-05-18 06:10:45', '2020-05-18 06:10:45'),
(145, 29, 'Josiah Denesik', 'Voluptatem reprehenderit id hic unde. Nemo omnis totam ducimus laudantium rerum incidunt velit. Odit similique molestias excepturi molestiae repellat facilis id quo. Iste omnis autem molestiae rerum assumenda.', 1, '2020-05-18 06:10:45', '2020-05-18 06:10:45'),
(146, 49, 'Durward Toy DDS', 'Eos deserunt saepe quod eos quo. Vitae occaecati tempora aut odio.', 4, '2020-05-18 06:10:45', '2020-05-18 06:10:45'),
(147, 49, 'Maybelle Schmeler', 'Amet vitae occaecati repellendus vel. Reprehenderit repellendus quia voluptas consequatur debitis ipsa quia. Et quas et molestias tenetur ut. Voluptatem quos inventore quidem.', 4, '2020-05-18 06:10:45', '2020-05-18 06:10:45'),
(148, 19, 'Tracey Hane', 'At assumenda non dolorem vel doloribus. Esse excepturi perspiciatis architecto dicta placeat magnam cumque. Aliquid magni cupiditate optio quibusdam illo tempora. Est impedit fuga exercitationem dolorem dolores.', 4, '2020-05-18 06:10:45', '2020-05-18 06:10:45'),
(149, 16, 'Mrs. Nona Schaden', 'Autem voluptatibus et praesentium sunt voluptas. Sed et iste aliquam molestiae. Blanditiis veniam ipsa perferendis assumenda. Temporibus ut ea sed debitis sunt nihil.', 3, '2020-05-18 06:10:45', '2020-05-18 06:10:45'),
(150, 41, 'Danika Marquardt', 'Amet sequi labore saepe adipisci minima. Nostrum hic eveniet ipsa cupiditate aliquid adipisci fugiat aspernatur. Ut qui dolores sit odio error.', 2, '2020-05-18 06:10:45', '2020-05-18 06:10:45'),
(151, 2, 'Miss Ashtyn Bartoletti', 'Ut voluptas aut sed architecto officiis sed voluptate. Nostrum qui voluptatum est ducimus vero esse cum ipsum. Quia earum qui voluptatem enim. Architecto dolor consectetur eaque deserunt laboriosam voluptatem.', 5, '2020-05-18 06:10:45', '2020-05-18 06:10:45'),
(152, 15, 'Krystal Paucek', 'Natus ab asperiores mollitia nihil adipisci beatae. Distinctio dolores consequuntur veritatis porro. Blanditiis voluptate quia sit aut impedit ut qui. A vel laborum expedita aliquid.', 1, '2020-05-18 06:10:45', '2020-05-18 06:10:45'),
(153, 29, 'Forrest Deckow', 'Et voluptatem tempora quia officiis ullam officia aliquid quas. Temporibus beatae asperiores doloribus vitae eveniet quo. Qui inventore enim quia labore velit consectetur. Delectus impedit ipsum et voluptates. Vero corrupti ut illo minima et.', 5, '2020-05-18 06:10:45', '2020-05-18 06:10:45'),
(154, 28, 'Jany Shields', 'Ut hic pariatur odio quidem. Neque autem sit nihil non accusamus. Quibusdam repellendus reiciendis quo saepe. Et est nihil repudiandae eum et sapiente dolores.', 4, '2020-05-18 06:10:45', '2020-05-18 06:10:45'),
(155, 9, 'Tamia Volkman PhD', 'Magni et et quis sunt voluptatem qui. Possimus culpa ut repellendus similique. Veritatis assumenda non et et. Aut quam ut assumenda alias ipsa.', 0, '2020-05-18 06:10:45', '2020-05-18 06:10:45'),
(156, 8, 'Kellie Ankunding V', 'Deleniti veniam vel aut. Odio porro nesciunt non qui. Quae sed rerum et laboriosam dolor ea.', 1, '2020-05-18 06:10:45', '2020-05-18 06:10:45'),
(157, 6, 'Jamal Berge', 'Quasi repellat maxime qui inventore provident impedit quos. Maxime consequatur quia pariatur aut vero. Voluptatum et odio voluptas accusamus laudantium facere quos consequatur. Iure voluptates qui architecto et omnis.', 2, '2020-05-18 06:10:45', '2020-05-18 06:10:45'),
(158, 29, 'Mrs. Abigale Gottlieb', 'Nulla quo autem quaerat omnis et ut ut. Nulla corrupti voluptatem vel quae perferendis et. Facilis quae vel iure minima animi nobis. Quaerat soluta similique atque reiciendis similique.', 3, '2020-05-18 06:10:45', '2020-05-18 06:10:45'),
(159, 35, 'Marielle Wiegand', 'Officia asperiores modi eligendi. Velit et commodi sed tenetur delectus. Id minima sunt ipsam eos tempore atque voluptatibus.', 5, '2020-05-18 06:10:45', '2020-05-18 06:10:45'),
(160, 16, 'Birdie Fay', 'Nihil voluptas atque recusandae est voluptatem dolores unde. Incidunt officiis qui sint.', 0, '2020-05-18 06:10:45', '2020-05-18 06:10:45'),
(161, 31, 'Prof. Halle Kuphal', 'Similique eius quae ut quos doloremque dolorem enim. Rerum consequuntur ea vel ipsum nobis iste. Asperiores eos magni ipsam dicta. Atque aperiam facere tempore quia magnam.', 4, '2020-05-18 06:10:45', '2020-05-18 06:10:45'),
(162, 46, 'Berniece Bogisich PhD', 'Unde vel in quas aut impedit. Sunt doloribus iste ducimus iste sed qui. Qui sit quidem dolorum rerum rerum. Corporis soluta ex animi perspiciatis voluptate qui eveniet voluptatem.', 2, '2020-05-18 06:10:45', '2020-05-18 06:10:45'),
(163, 32, 'Chloe Konopelski', 'Deleniti vel vero autem voluptatibus. Libero officiis voluptatum odit molestiae eius dolorum. Dolor itaque molestiae cumque tempora.', 0, '2020-05-18 06:10:45', '2020-05-18 06:10:45'),
(164, 47, 'Prof. Al Kassulke', 'Iste molestiae est distinctio aut cum fugit vitae. Quia excepturi eligendi culpa maxime temporibus dicta. Dolor voluptatibus voluptatem qui sed ea fugiat sapiente. Qui dolor rerum rerum et tempora excepturi minus doloremque.', 5, '2020-05-18 06:10:45', '2020-05-18 06:10:45'),
(165, 32, 'Gino Koss', 'Ullam dolores distinctio ut repudiandae ut odit velit aut. Porro sapiente est minima est magni deserunt eaque. Assumenda aut recusandae non excepturi repudiandae sunt rerum.', 1, '2020-05-18 06:10:45', '2020-05-18 06:10:45'),
(166, 10, 'Lamar Leuschke', 'Quisquam ipsam rerum eaque in. Sapiente error eum sit. Quibusdam aut praesentium minima aut deleniti molestias ut totam.', 5, '2020-05-18 06:10:45', '2020-05-18 06:10:45'),
(167, 38, 'Josiah Hill', 'Reprehenderit ratione reiciendis voluptas molestiae quod quisquam. Molestiae cumque hic velit ut molestias omnis. Doloremque expedita hic qui laborum culpa non. Autem molestiae quia ut architecto facere soluta.', 2, '2020-05-18 06:10:45', '2020-05-18 06:10:45'),
(168, 46, 'Dr. Josefina Rogahn Sr.', 'Dignissimos vel repellat repellendus. Sint ratione et quia non deleniti. Est expedita et sint ipsa dolores occaecati.', 1, '2020-05-18 06:10:45', '2020-05-18 06:10:45'),
(169, 37, 'Gussie Orn', 'Enim deserunt aut recusandae a. Nihil dignissimos quod non natus in eaque recusandae.', 2, '2020-05-18 06:10:45', '2020-05-18 06:10:45'),
(170, 47, 'Norene Braun', 'Ad quos sint harum ut officia. Officiis dolores doloribus deserunt qui sit est occaecati sunt. Id quis necessitatibus ducimus vero.', 5, '2020-05-18 06:10:45', '2020-05-18 06:10:45'),
(171, 47, 'Lavern Daugherty', 'Quia pariatur voluptatum illum itaque non quisquam debitis. Eligendi quo facere maxime doloremque amet. Et similique nesciunt iste molestias est numquam saepe. Aut modi sapiente assumenda consequatur qui ea omnis.', 2, '2020-05-18 06:10:45', '2020-05-18 06:10:45'),
(172, 27, 'Ms. Monique Kreiger V', 'Laboriosam sit eum sunt voluptates iusto sit. Ut rerum perspiciatis ut animi et omnis praesentium. Minima voluptatem nemo necessitatibus voluptatem sed. Qui qui quia iste voluptas optio qui.', 5, '2020-05-18 06:10:45', '2020-05-18 06:10:45'),
(173, 34, 'Mrs. Everette Thiel II', 'Sed aperiam molestiae aliquam repellat aperiam placeat. Rerum quo at quos accusantium beatae hic.', 2, '2020-05-18 06:10:45', '2020-05-18 06:10:45'),
(174, 9, 'Dr. Judge Powlowski MD', 'Eius expedita consequatur aut a. Minima sunt accusantium est id. Nostrum quia molestiae nisi ut quod. Dolores est magnam ex numquam. Pariatur dolores enim quos hic mollitia eaque fuga dolorem.', 0, '2020-05-18 06:10:45', '2020-05-18 06:10:45'),
(175, 10, 'Elmira Stamm', 'Eligendi ab modi pariatur neque aspernatur nisi eveniet ipsum. Itaque at veritatis et autem et rerum consequatur qui. Et sunt tempore debitis voluptas nisi velit dignissimos sed. Ut accusantium quibusdam enim molestiae ratione et.', 5, '2020-05-18 06:10:45', '2020-05-18 06:10:45'),
(176, 42, 'Eino Roob', 'Nihil impedit nostrum consequatur necessitatibus. Voluptatem molestias consequuntur voluptatibus alias aut eos. Non numquam sed libero soluta sunt iusto debitis.', 2, '2020-05-18 06:10:45', '2020-05-18 06:10:45'),
(177, 36, 'Jermain Sauer', 'Est consequatur dolores doloribus molestias iusto vitae sed. Pariatur praesentium accusantium assumenda vel. Ad non ut reiciendis et adipisci omnis.', 4, '2020-05-18 06:10:45', '2020-05-18 06:10:45'),
(178, 46, 'Ms. Ruth Wuckert', 'Quisquam repudiandae ex esse qui. Ipsum sapiente blanditiis at minima.', 2, '2020-05-18 06:10:45', '2020-05-18 06:10:45'),
(179, 14, 'Miss Elvera Harber I', 'Et magnam id quasi aspernatur eaque et praesentium. Qui sequi dolor similique nam voluptatem asperiores. A non autem eveniet hic quidem. Magni qui at enim aut doloribus est. Id quia voluptatem ut maiores.', 5, '2020-05-18 06:10:45', '2020-05-18 06:10:45'),
(180, 34, 'Vilma Kovacek', 'Natus nihil est voluptas ipsum ratione quidem. Corrupti quaerat laudantium omnis doloremque sed veniam. Eos nesciunt ea et fugiat.', 5, '2020-05-18 06:10:45', '2020-05-18 06:10:45'),
(181, 43, 'Leta Howell', 'Est repellendus explicabo velit error. Ea ut et non quasi alias. Quis ea a molestias harum nobis molestiae aliquid. Laboriosam quo nesciunt expedita qui.', 5, '2020-05-18 06:10:45', '2020-05-18 06:10:45'),
(182, 22, 'Davion Kessler', 'Et ut aut veritatis enim modi. Nemo pariatur praesentium totam facere vel itaque praesentium. Aut velit maxime eveniet sed.', 5, '2020-05-18 06:10:45', '2020-05-18 06:10:45'),
(183, 15, 'Miss Dixie Nikolaus I', 'Officia quibusdam vero sequi minus. Non maiores totam dolorem quidem animi id.', 1, '2020-05-18 06:10:45', '2020-05-18 06:10:45'),
(184, 37, 'Belle Sawayn', 'Iste quia harum sed optio hic repudiandae ab cupiditate. Ab fugit dolorem at corrupti aut natus. Aut reprehenderit rem quo non aut voluptatem dolor. Nihil ut expedita quia.', 0, '2020-05-18 06:10:45', '2020-05-18 06:10:45'),
(185, 21, 'Heather Goodwin', 'Dolorum tempora sed doloremque. Et placeat omnis id. Enim quae qui labore eum dolorem illo hic. Repellendus quas laboriosam ducimus temporibus optio.', 4, '2020-05-18 06:10:45', '2020-05-18 06:10:45'),
(186, 25, 'Nelle Konopelski', 'Aut sint eligendi amet quod et nam. Possimus omnis eius suscipit qui ut. At assumenda et nulla ut soluta rerum.', 3, '2020-05-18 06:10:45', '2020-05-18 06:10:45'),
(187, 27, 'Cynthia McCullough', 'Dolor ipsa porro quia itaque necessitatibus perferendis ipsum explicabo. Dolor autem enim repellendus et natus nobis eveniet. Vel velit ut quia incidunt. Ex consequuntur distinctio et necessitatibus nihil voluptatem sit.', 5, '2020-05-18 06:10:45', '2020-05-18 06:10:45'),
(188, 36, 'Chanel Lehner', 'Iusto labore corrupti ut hic earum pariatur. Facere ea sapiente quaerat id consequuntur. Inventore ratione esse repellat illo. Accusamus inventore doloribus mollitia exercitationem beatae error optio.', 5, '2020-05-18 06:10:45', '2020-05-18 06:10:45'),
(189, 20, 'Mrs. Winifred Heathcote III', 'Molestiae ducimus eum laudantium mollitia ut velit. Deserunt cum exercitationem rem qui ullam iure consequatur eius. Voluptatem cumque vero illum. Accusamus quidem totam a sint porro.', 1, '2020-05-18 06:10:45', '2020-05-18 06:10:45'),
(190, 48, 'Mr. Caden McLaughlin', 'Laborum dolores officia qui possimus magnam iure sint. Molestias vel enim tempore ut recusandae hic. Optio et et sequi. Quis molestiae accusantium quis et.', 2, '2020-05-18 06:10:45', '2020-05-18 06:10:45'),
(191, 24, 'Elenor McKenzie PhD', 'Velit reiciendis et recusandae id suscipit dolor laborum. Corrupti eligendi sint voluptatum. Et et in ipsa qui quo esse nemo.', 3, '2020-05-18 06:10:45', '2020-05-18 06:10:45'),
(192, 21, 'Ms. Etha White', 'Consectetur tempore voluptatibus et quidem doloribus dolorum. Assumenda minus non dicta nostrum illo in ratione. Aut consequatur illum optio est hic modi officia.', 1, '2020-05-18 06:10:45', '2020-05-18 06:10:45'),
(193, 2, 'Mireille D\'Amore IV', 'Numquam ut tempora non rerum nemo aut. Fuga nihil molestiae ducimus laborum architecto. Quam fuga veritatis voluptatem laboriosam optio animi totam. Dignissimos laboriosam ut et vel.', 1, '2020-05-18 06:10:45', '2020-05-18 06:10:45'),
(194, 36, 'Magdalen McLaughlin DVM', 'Accusantium reiciendis id recusandae consectetur ea expedita vel. Non sunt voluptatem sunt voluptas reprehenderit quod dolores. Rem placeat mollitia minus vero sed veniam mollitia. Quae vel et blanditiis est dolorem mollitia.', 3, '2020-05-18 06:10:45', '2020-05-18 06:10:45'),
(195, 30, 'Augusta Torp', 'Et sit fuga labore autem cupiditate quia qui. Fugiat saepe voluptas et expedita est. Deleniti dolore voluptatibus esse consequatur quo. Rerum velit qui voluptates veritatis est animi.', 0, '2020-05-18 06:10:45', '2020-05-18 06:10:45'),
(196, 19, 'Margarete Franecki', 'Harum aut aperiam voluptates fugiat et dolores itaque neque. Ratione quisquam delectus est qui facilis placeat fugiat.', 1, '2020-05-18 06:10:45', '2020-05-18 06:10:45'),
(197, 50, 'Salma Frami', 'Iste molestiae harum vero explicabo error eveniet autem magnam. Dolorum est quaerat quas asperiores facilis. Distinctio animi aperiam libero corrupti fugit numquam quod. Aperiam tempore ducimus accusantium numquam ex.', 0, '2020-05-18 06:10:45', '2020-05-18 06:10:45'),
(198, 21, 'Richard Hansen Sr.', 'Non id totam fugit voluptatum. Excepturi adipisci in necessitatibus quidem. Labore in pariatur aut cum tempore harum ad.', 0, '2020-05-18 06:10:45', '2020-05-18 06:10:45'),
(199, 49, 'Delphia Russel', 'Sunt explicabo illum quo. Sunt sint et neque facere sint omnis ullam. Excepturi similique perspiciatis quia rerum iure et. Id quia voluptatem doloremque aliquam architecto id sit.', 4, '2020-05-18 06:10:45', '2020-05-18 06:10:45'),
(200, 25, 'Mrs. Carolyn Mante MD', 'Labore provident commodi repudiandae earum esse consequatur nam. Sint rerum velit voluptatem omnis temporibus. Voluptatem vitae et mollitia aspernatur laborum. A rem sapiente et dignissimos.', 1, '2020-05-18 06:10:45', '2020-05-18 06:10:45'),
(201, 17, 'Dr. Daisy Daugherty Sr.', 'Quas numquam sunt expedita itaque occaecati veniam. Tenetur ipsum nostrum tenetur unde velit in consequatur.', 0, '2020-05-18 06:10:45', '2020-05-18 06:10:45'),
(202, 47, 'Zoey Hettinger', 'Sed quo reprehenderit optio. Voluptate sed maiores voluptatibus maxime optio. Laborum enim magni quia veniam. Voluptate enim expedita non voluptatem molestias. Repudiandae sapiente debitis explicabo dicta tenetur.', 2, '2020-05-18 06:10:45', '2020-05-18 06:10:45'),
(203, 17, 'Pearl Langosh II', 'Perspiciatis qui tempora ut aut. Ratione et laborum magnam distinctio omnis fugit non. Iure veniam eveniet rerum consequatur voluptates. Voluptatem nihil aut ut molestiae.', 4, '2020-05-18 06:10:45', '2020-05-18 06:10:45'),
(204, 1, 'Eldora Kulas DVM', 'Et quaerat est voluptas autem occaecati aut. Doloribus facere modi magnam quo qui quo tempore ut. Tenetur quam corporis laudantium quia.', 5, '2020-05-18 06:10:45', '2020-05-18 06:10:45'),
(205, 5, 'Brisa Ruecker DVM', 'Nobis quidem eum veritatis provident. Excepturi provident itaque a voluptas quia nostrum. Et nostrum laboriosam quos. Rerum sit delectus repellendus tenetur occaecati nostrum mollitia.', 1, '2020-05-18 06:10:45', '2020-05-18 06:10:45'),
(206, 38, 'Mrs. Carolyn Davis', 'Corporis iusto perspiciatis sit in. Deserunt voluptate commodi repellendus. Voluptatem laudantium quasi qui perspiciatis omnis id. Architecto ea quos ullam sunt qui. Voluptates aut aperiam corporis omnis eum in.', 2, '2020-05-18 06:10:45', '2020-05-18 06:10:45'),
(207, 49, 'Prof. Torey Bechtelar MD', 'Omnis quia et odit veritatis sit officiis rerum. Rerum aut autem facilis magni dolores. Necessitatibus nemo quas qui.', 4, '2020-05-18 06:10:45', '2020-05-18 06:10:45'),
(208, 14, 'Anabelle Wyman', 'Ut possimus perferendis ut numquam dolores non rerum repudiandae. Sed in eius sequi necessitatibus rerum facilis et rerum. Dolore est cum voluptas voluptatibus laudantium.', 4, '2020-05-18 06:10:45', '2020-05-18 06:10:45'),
(209, 19, 'Laurence Hintz', 'Veniam enim adipisci qui dolorum deleniti inventore officia. Iusto ab quidem officiis consectetur. Neque eveniet dolor error voluptas esse occaecati. Recusandae magnam rerum ut eos facere fugiat.', 2, '2020-05-18 06:10:45', '2020-05-18 06:10:45');
INSERT INTO `reviews` (`id`, `product_id`, `customer`, `review`, `star`, `created_at`, `updated_at`) VALUES
(210, 45, 'Dr. Ludwig Abshire', 'Aperiam laborum aliquid nihil. Velit dolorum consequatur quisquam quam consequatur rem fugiat. Itaque molestias ut fugiat ad odit sit sint atque. Quis sapiente non maiores earum debitis fugiat.', 2, '2020-05-18 06:10:45', '2020-05-18 06:10:45'),
(211, 38, 'Miss Dora Schumm', 'Sint quae similique in quis rerum quisquam. Repellat perspiciatis in sit et rerum vel in. Non magnam ullam sit corporis quis distinctio. Inventore accusantium vitae quasi aut.', 2, '2020-05-18 06:10:45', '2020-05-18 06:10:45'),
(212, 15, 'Fae Yost', 'Dolorum porro tempore soluta nam. Sunt autem et sapiente voluptatem. Suscipit quia perspiciatis culpa repellat et.', 1, '2020-05-18 06:10:45', '2020-05-18 06:10:45'),
(213, 39, 'Sadye Kozey', 'Nam perferendis culpa aut ducimus quidem sed. Ea in voluptas pariatur laborum et quam sunt.', 1, '2020-05-18 06:10:45', '2020-05-18 06:10:45'),
(214, 30, 'Sheridan Lueilwitz', 'Quia quo ducimus sed ipsa occaecati non. Atque aliquam eum itaque at libero architecto atque qui. Neque delectus id temporibus optio itaque exercitationem. Mollitia magni qui in molestias.', 2, '2020-05-18 06:10:45', '2020-05-18 06:10:45'),
(215, 32, 'Coby Moen', 'Quia consequuntur iusto ut quis iste. Modi repellendus adipisci et. Dolore vel assumenda temporibus doloremque provident incidunt ratione.', 1, '2020-05-18 06:10:45', '2020-05-18 06:10:45'),
(216, 2, 'Athena Schaden', 'Voluptatibus tenetur amet et quos et quo. Rerum est reprehenderit autem autem maiores id. Reprehenderit aperiam laborum quos minima. Et consequatur id est accusamus.', 1, '2020-05-18 06:10:45', '2020-05-18 06:10:45'),
(217, 45, 'Anita Nicolas', 'Voluptatem qui aut atque at eum consectetur voluptatibus. Sapiente dolorem quas consequatur excepturi laboriosam laudantium asperiores. Ut dolor sit error nesciunt. Voluptas qui voluptas sed ut dolore id.', 4, '2020-05-18 06:10:45', '2020-05-18 06:10:45'),
(218, 1, 'Prof. Savion Reynolds I', 'Ad aliquam saepe nobis distinctio. Officia officiis illo fugit sed est. Incidunt voluptatum voluptas non tenetur et corporis provident. Ratione eligendi nemo laborum culpa quas aliquam natus.', 2, '2020-05-18 06:10:45', '2020-05-18 06:10:45'),
(219, 35, 'Angeline Batz', 'Temporibus sunt quia sunt repellendus saepe neque modi officiis. Et quia esse quia magnam fugit debitis omnis. Itaque dolorum aliquid repudiandae explicabo excepturi veniam voluptatem.', 3, '2020-05-18 06:10:45', '2020-05-18 06:10:45'),
(220, 17, 'Dolores Pouros PhD', 'Assumenda vel tenetur voluptatem veritatis voluptatibus. Et perferendis ut quam harum qui consequatur. Qui debitis temporibus molestias dicta debitis.', 1, '2020-05-18 06:10:45', '2020-05-18 06:10:45'),
(221, 4, 'Cathy Keeling', 'Molestiae voluptatem quo unde. Sapiente rem harum cum et. Magnam reprehenderit consequatur dolor vitae perferendis ullam. Nostrum eaque quaerat est consequatur.', 3, '2020-05-18 06:10:45', '2020-05-18 06:10:45'),
(222, 14, 'Kenton Hahn', 'Voluptatem deleniti atque aut. Ut reprehenderit minima libero tempora eos in est. Atque cum eum eius quasi. Ut ullam nihil a unde tempore et animi. Quod corrupti quod laboriosam.', 4, '2020-05-18 06:10:45', '2020-05-18 06:10:45'),
(223, 31, 'Erich Yundt', 'Mollitia tempora id voluptatum velit quam. Optio quae quo in. Excepturi temporibus expedita quis cupiditate. Sit quidem quos non et magni praesentium.', 0, '2020-05-18 06:10:45', '2020-05-18 06:10:45'),
(224, 26, 'Keanu D\'Amore', 'Itaque sed laboriosam placeat et. Eum vero et quia aspernatur quod quo asperiores. Vel consequatur impedit ut veritatis. Quo et qui optio facere.', 4, '2020-05-18 06:10:45', '2020-05-18 06:10:45'),
(225, 30, 'Prof. Ransom Rohan III', 'Ipsa sit repellat vel eos quo in exercitationem. Ea vitae accusamus voluptatem quisquam minima aut nihil. Cum et sunt perspiciatis doloribus sapiente sunt sed. Dolores qui vero doloremque esse possimus provident aut.', 4, '2020-05-18 06:10:45', '2020-05-18 06:10:45'),
(226, 10, 'Margaretta Cruickshank', 'Optio voluptatibus tempora molestias similique. Molestias eos qui sed quod nobis. Harum quis ut et corrupti exercitationem. Voluptates suscipit magnam repellendus soluta explicabo harum.', 2, '2020-05-18 06:10:45', '2020-05-18 06:10:45'),
(227, 43, 'Mr. Casper Senger Jr.', 'Dicta velit optio tenetur doloremque sint architecto. Dolore voluptatum nisi qui deserunt perspiciatis.', 3, '2020-05-18 06:10:45', '2020-05-18 06:10:45'),
(228, 21, 'Lamar Muller', 'Minus amet autem sunt quia voluptates eum ut. Mollitia et nisi et sit veniam. Eveniet non earum numquam. Adipisci atque modi nemo quas non ducimus aspernatur.', 2, '2020-05-18 06:10:45', '2020-05-18 06:10:45'),
(229, 41, 'Moises Labadie', 'Et corporis modi eum ut. Et quam aut magnam laudantium.', 1, '2020-05-18 06:10:45', '2020-05-18 06:10:45'),
(230, 28, 'Prof. Dessie Kirlin III', 'Iusto sed quod voluptas ut incidunt est molestiae. Ex tenetur nihil dicta suscipit. Nobis omnis esse officiis eveniet dolorem.', 1, '2020-05-18 06:10:45', '2020-05-18 06:10:45'),
(231, 32, 'Una Macejkovic', 'Corrupti dolorem harum et aut sapiente. Expedita nobis accusamus totam aliquid. Autem totam ipsum atque atque facere. Nihil eum ut voluptatem voluptas nulla nisi natus.', 0, '2020-05-18 06:10:45', '2020-05-18 06:10:45'),
(232, 44, 'Angelina Reynolds', 'Sit et aspernatur dolores sunt consectetur itaque laboriosam. Consequatur illum modi repudiandae inventore. Autem quisquam ut nobis voluptatem totam architecto. Sed odit modi ea et.', 1, '2020-05-18 06:10:45', '2020-05-18 06:10:45'),
(233, 23, 'Mr. Favian Luettgen V', 'Quia voluptatem nesciunt assumenda perferendis et quod. Quo aspernatur quos ratione id quis. Aut asperiores corrupti vero ut ut.', 3, '2020-05-18 06:10:45', '2020-05-18 06:10:45'),
(234, 38, 'Onie Raynor', 'Nisi ut nisi laudantium quas ut. Facere qui magnam et ipsa. Odit non aut consequatur enim ratione.', 0, '2020-05-18 06:10:45', '2020-05-18 06:10:45'),
(235, 28, 'Erna Dickens MD', 'Animi qui et eveniet iusto doloribus sed totam. Laudantium animi voluptatem quod officia.', 1, '2020-05-18 06:10:45', '2020-05-18 06:10:45'),
(236, 3, 'Isaias Wolff', 'Vero debitis excepturi suscipit numquam. Doloremque ea mollitia rerum soluta corrupti sed iure. Quisquam vel omnis possimus eum cupiditate natus autem omnis. Ut molestiae eos est sapiente aperiam.', 1, '2020-05-18 06:10:45', '2020-05-18 06:10:45'),
(237, 7, 'Alysha Russel', 'Cupiditate sequi qui ratione quo. Tempore illum libero earum velit. Provident assumenda voluptatem explicabo aliquam. Perspiciatis officiis nam sed sed quia libero quos.', 4, '2020-05-18 06:10:45', '2020-05-18 06:10:45'),
(238, 29, 'Geovany Feest', 'Iste veniam est vel a sit quasi modi. Facere aut adipisci saepe odit molestiae omnis temporibus. Sed a iure voluptatem porro aut repellendus.', 2, '2020-05-18 06:10:45', '2020-05-18 06:10:45'),
(239, 10, 'Lucious Bergnaum', 'Inventore et dolores et placeat alias. Qui consectetur aut hic explicabo. Omnis dicta quisquam ut voluptas officiis. Commodi id consequatur at quasi quia fugiat nam.', 5, '2020-05-18 06:10:45', '2020-05-18 06:10:45'),
(240, 27, 'Delphine Stoltenberg', 'Sit eum deserunt reprehenderit quod magni sit enim. Accusamus magni quia cum ipsa minus. Odit quas non qui et corporis sint.', 2, '2020-05-18 06:10:45', '2020-05-18 06:10:45'),
(241, 16, 'Jaunita Reilly', 'Repellendus ipsam possimus dolorum sed similique consequatur molestias. Et voluptas non voluptas similique deleniti ut labore. Impedit sapiente totam consequuntur porro reprehenderit. Quae dignissimos fuga maxime commodi dignissimos.', 3, '2020-05-18 06:10:45', '2020-05-18 06:10:45'),
(242, 31, 'Coty DuBuque', 'Officiis qui enim ratione expedita velit architecto non. Ipsum cum in et quibusdam. Earum est est laboriosam fuga tempore. Molestiae maxime mollitia voluptas atque voluptatem odio.', 2, '2020-05-18 06:10:45', '2020-05-18 06:10:45'),
(243, 17, 'Wilton Thiel', 'Aut voluptates reprehenderit aliquid porro ut. Necessitatibus quas dolor vel recusandae dolores ipsum animi modi. Quas ratione ea voluptatibus tempora modi qui eveniet sunt. Et consequatur fugit et nisi enim.', 2, '2020-05-18 06:10:45', '2020-05-18 06:10:45'),
(244, 26, 'Marlon Daniel', 'Sit qui autem fugiat veniam. Veritatis nihil officiis voluptatem provident eligendi. Autem in harum perferendis omnis inventore quasi quidem quod.', 1, '2020-05-18 06:10:45', '2020-05-18 06:10:45'),
(245, 47, 'Pete Hartmann III', 'Tenetur doloremque nemo quia exercitationem corporis velit illo. Voluptatem et est neque enim molestiae quis et ullam. Qui eos cupiditate eligendi quis odit veritatis sunt.', 0, '2020-05-18 06:10:45', '2020-05-18 06:10:45'),
(246, 42, 'Dr. Lewis Durgan', 'Delectus et optio rerum a quas voluptatibus illum. Est ut mollitia dolorem alias. Eligendi delectus qui voluptatibus delectus. Nihil vero odit rerum reprehenderit.', 5, '2020-05-18 06:10:45', '2020-05-18 06:10:45'),
(247, 27, 'Dr. Ben Carroll', 'Nostrum et at dicta nesciunt hic rem et. Eveniet voluptas voluptates temporibus in.', 5, '2020-05-18 06:10:45', '2020-05-18 06:10:45'),
(248, 11, 'Prof. Marcelo Kohler', 'Excepturi tempora sit laboriosam nulla quisquam perspiciatis. Dolorem accusantium aliquid delectus vero nihil cupiditate. Culpa ut doloribus laborum eum facilis qui occaecati. Aut cumque suscipit fuga officia non.', 0, '2020-05-18 06:10:45', '2020-05-18 06:10:45'),
(249, 25, 'Charley Gleichner', 'Asperiores ea quis laudantium eos perferendis quia. Distinctio animi est molestias nam veniam cupiditate consequatur. Maxime natus perspiciatis earum et.', 5, '2020-05-18 06:10:45', '2020-05-18 06:10:45'),
(250, 10, 'Ottilie Conn PhD', 'Enim corporis unde magnam autem. Harum atque ipsum qui sint architecto fugit.', 3, '2020-05-18 06:10:45', '2020-05-18 06:10:45'),
(251, 12, 'Maggie Grant', 'Ipsa molestias ducimus omnis doloribus. Nihil repellendus explicabo explicabo magnam.', 4, '2020-05-18 06:10:45', '2020-05-18 06:10:45'),
(252, 39, 'Miss Hailee Hammes', 'Qui et eum cupiditate ex dolorem delectus labore. Dolore beatae temporibus quidem fugiat sint ea ut. Porro vel enim incidunt deserunt et architecto necessitatibus. Distinctio natus tempore enim.', 4, '2020-05-18 06:10:45', '2020-05-18 06:10:45'),
(253, 33, 'Daphne Becker', 'Mollitia maxime rerum modi temporibus quis et numquam dignissimos. In assumenda consequatur ea.', 2, '2020-05-18 06:10:45', '2020-05-18 06:10:45'),
(254, 12, 'Mittie Leuschke', 'Eligendi quaerat praesentium veritatis sapiente explicabo nobis. Vitae reiciendis dolor dolores cum sed officia officiis. Magni excepturi quisquam quo qui.', 2, '2020-05-18 06:10:45', '2020-05-18 06:10:45'),
(255, 19, 'Jaqueline Heidenreich', 'Necessitatibus autem eaque sint accusantium quidem quo. Ut fuga eligendi dolorem eligendi earum quos placeat. Sit et sint est id provident officiis.', 4, '2020-05-18 06:10:45', '2020-05-18 06:10:45'),
(256, 26, 'Kory Langosh', 'Sequi dolorum aperiam alias quia et. Nihil ducimus et non quis non hic. Hic itaque placeat est voluptatem sed aliquid libero repellendus.', 1, '2020-05-18 06:10:45', '2020-05-18 06:10:45'),
(257, 8, 'Katharina Brown', 'Quisquam dolores vel eum reprehenderit. Aut iusto laborum culpa consequatur et explicabo. Nam officiis cum aspernatur. Mollitia delectus saepe maiores nihil ducimus.', 1, '2020-05-18 06:10:45', '2020-05-18 06:10:45'),
(258, 37, 'Michele Crooks', 'Rerum magni libero assumenda officiis cupiditate excepturi quia. Ex sapiente doloremque ea consectetur sed asperiores voluptatem. Voluptatem a ad modi laborum et non. Pariatur error velit aut modi voluptatibus.', 0, '2020-05-18 06:10:45', '2020-05-18 06:10:45'),
(259, 28, 'Miracle Herzog', 'Rerum et quia nisi et nesciunt eum. Quia deleniti omnis iusto ut voluptatibus velit est neque. Voluptatem velit quia qui minus perferendis voluptas. Sunt assumenda iure et quo.', 2, '2020-05-18 06:10:45', '2020-05-18 06:10:45'),
(260, 37, 'Rebeka Turner', 'Ducimus deleniti animi dolore. Asperiores repellat ipsa sapiente ut occaecati.', 0, '2020-05-18 06:10:45', '2020-05-18 06:10:45'),
(261, 5, 'Wanda Cruickshank', 'Iure iusto voluptatem nulla voluptatem. Repellendus facere in quia nihil. Molestiae ut ut cupiditate non odio et. Aperiam dolore non sit rerum.', 0, '2020-05-18 06:10:45', '2020-05-18 06:10:45'),
(262, 10, 'Cordell Douglas III', 'Quibusdam quod temporibus nihil harum dicta. Nihil aperiam culpa nulla ipsam. Eligendi occaecati veritatis nihil blanditiis quasi.', 1, '2020-05-18 06:10:45', '2020-05-18 06:10:45'),
(263, 44, 'Dr. Emmet Runolfsdottir IV', 'Ut aut dicta molestiae qui quia. At eveniet expedita velit aperiam vitae molestias. Veniam laboriosam doloremque est natus dolores hic rem. Ad cupiditate est possimus.', 5, '2020-05-18 06:10:45', '2020-05-18 06:10:45'),
(264, 6, 'Jaylen Gerlach', 'Animi doloremque enim voluptatum nostrum rerum dolore modi. Asperiores et sapiente dolorem et. Ut et sunt distinctio qui aperiam molestiae. Est ea suscipit voluptatem exercitationem veniam adipisci.', 1, '2020-05-18 06:10:45', '2020-05-18 06:10:45'),
(265, 34, 'Kristin Wolff', 'Magni qui perspiciatis voluptatem expedita molestias facere voluptas. Et ex sit alias occaecati ut debitis consectetur. Eaque in nesciunt doloribus animi deserunt adipisci perferendis. Saepe aliquid est quas aut iusto.', 0, '2020-05-18 06:10:45', '2020-05-18 06:10:45'),
(266, 24, 'Bradly Thompson', 'Rem enim corrupti saepe cum labore. Quos ut tenetur sed deleniti.', 4, '2020-05-18 06:10:45', '2020-05-18 06:10:45'),
(267, 50, 'Shayne Howell', 'Id aliquam eveniet quibusdam iste aut ratione quae eligendi. Accusantium et facilis qui molestiae vel suscipit hic dolores. Expedita labore non eveniet ratione pariatur et illo.', 0, '2020-05-18 06:10:45', '2020-05-18 06:10:45'),
(268, 44, 'Prof. Lonzo Moen', 'Voluptate voluptatum aut provident dolor nihil. Id fugiat praesentium inventore cupiditate culpa rerum. Totam voluptatem sit rem vitae eum odio.', 2, '2020-05-18 06:10:45', '2020-05-18 06:10:45'),
(269, 43, 'Zoey Leffler', 'Quo recusandae quasi autem impedit quia ea. Aut ad reiciendis facere. Sequi iusto nam quaerat quos aperiam qui rerum esse.', 4, '2020-05-18 06:10:45', '2020-05-18 06:10:45'),
(270, 3, 'Prof. Caleb Gutmann', 'Consequatur aliquam dolor illum error aliquam minus. Repellat et modi cupiditate cupiditate vel quos minus. Sapiente nam voluptatem vitae aut in facilis.', 2, '2020-05-18 06:10:45', '2020-05-18 06:10:45'),
(271, 29, 'Sterling Berge', 'Animi eaque magni nihil dolorum voluptas. Nihil enim impedit perferendis minus. Voluptatem sit id non voluptas aut. Rem aliquam beatae minima et numquam delectus nesciunt.', 4, '2020-05-18 06:10:45', '2020-05-18 06:10:45'),
(272, 16, 'Alexander Hirthe', 'Reprehenderit eos enim est qui. Sunt natus consequuntur doloremque odio. Rerum reiciendis vel odit est commodi dolores.', 5, '2020-05-18 06:10:45', '2020-05-18 06:10:45'),
(273, 24, 'Vince Luettgen', 'Eveniet deserunt id eos eaque impedit alias. Qui vitae dignissimos voluptates et quo quia. Quidem accusantium odit magnam.', 2, '2020-05-18 06:10:45', '2020-05-18 06:10:45'),
(274, 48, 'Karli Kling', 'Doloremque corrupti facere magnam consectetur. Rerum distinctio assumenda minima est nihil molestias. Cupiditate qui voluptatem asperiores. Eos eum quo quos sit id dolore explicabo.', 4, '2020-05-18 06:10:45', '2020-05-18 06:10:45'),
(275, 22, 'Dr. Donato Zulauf MD', 'Hic in laboriosam est sit. Quas expedita architecto sint cumque beatae veniam sed sed. Dolor architecto eligendi provident in consequatur nesciunt repellendus. Adipisci rerum veritatis consequuntur laboriosam.', 3, '2020-05-18 06:10:45', '2020-05-18 06:10:45'),
(276, 3, 'Dr. Marco Waters', 'Fugiat et porro aut. Facere beatae autem eligendi ut. Molestiae libero architecto nihil dolorum minima. Optio magni sint consequatur est non placeat eos.', 5, '2020-05-18 06:10:45', '2020-05-18 06:10:45'),
(277, 2, 'Shany Smitham Sr.', 'Quo nemo est quia facere. Iusto neque laudantium libero. Vel ea consequuntur quia vel iste cum. Voluptate quasi quis sed laborum et et temporibus.', 4, '2020-05-18 06:10:45', '2020-05-18 06:10:45'),
(278, 29, 'Prof. Allen Marquardt II', 'Quia et voluptatem reprehenderit ratione et deleniti. Consectetur eaque mollitia saepe reiciendis. Et non sint et corrupti. Aut ut sequi placeat odit.', 3, '2020-05-18 06:10:45', '2020-05-18 06:10:45'),
(279, 48, 'Prof. Hadley Johnston', 'Quidem ab voluptas id qui officia. Qui dolor quia nemo iure non dolorem. Voluptates molestiae qui molestiae ut reiciendis.', 4, '2020-05-18 06:10:45', '2020-05-18 06:10:45'),
(280, 12, 'Miss Desiree Hand', 'Perferendis enim inventore provident qui aperiam eos. Eum quod possimus est quo quidem voluptates aperiam. Est dolor dignissimos maiores odio fugit.', 3, '2020-05-18 06:10:45', '2020-05-18 06:10:45'),
(281, 47, 'Prof. Esmeralda Hagenes Sr.', 'Non soluta et nam occaecati ducimus ab eius non. Corrupti rem dolorem nisi dolores possimus dolores vel. Quidem inventore eaque dolorum id quis ratione voluptate. Doloremque vel animi inventore excepturi ea.', 2, '2020-05-18 06:10:45', '2020-05-18 06:10:45'),
(282, 5, 'Raymond Quitzon', 'Iusto cumque inventore vitae doloribus. Et nihil illo quam. Sint eum voluptas numquam ut itaque occaecati fugiat.', 2, '2020-05-18 06:10:45', '2020-05-18 06:10:45'),
(283, 20, 'Mr. Shawn Metz', 'Sed autem sed voluptatum dolore illum. Ullam autem consequatur ipsum voluptatem ipsam. Cumque illum cupiditate veritatis nesciunt reprehenderit tempora modi autem. Atque dolores sed laudantium officiis maxime qui.', 0, '2020-05-18 06:10:45', '2020-05-18 06:10:45'),
(284, 41, 'Maynard Kihn', 'Quis vitae vitae commodi quas omnis. Debitis quia veritatis et quod pariatur vero. Minima et magni ut modi.', 1, '2020-05-18 06:10:45', '2020-05-18 06:10:45'),
(285, 13, 'Alexandra Haley', 'Sit rerum accusamus ipsa voluptas. Rerum voluptatibus aut modi quo ea culpa. Voluptate occaecati architecto quo beatae quae labore.', 1, '2020-05-18 06:10:45', '2020-05-18 06:10:45'),
(286, 29, 'Eliseo McClure', 'Quo expedita ducimus sequi aliquid velit et ipsum. Id repellendus aut sit magni et. Aut excepturi numquam laboriosam. Cum dolorum eius consequatur.', 3, '2020-05-18 06:10:45', '2020-05-18 06:10:45'),
(287, 41, 'Dr. Garret Johnson', 'Omnis magnam nulla ullam animi laudantium at. Animi voluptate omnis ullam. Natus odio voluptatibus dolorum ullam quasi. Odio dolor qui similique ut praesentium aut facilis.', 4, '2020-05-18 06:10:45', '2020-05-18 06:10:45'),
(288, 15, 'Rickie Hegmann III', 'Repudiandae voluptatem non voluptatibus ut. Voluptatem tempore quaerat tenetur sequi totam rerum aliquid doloremque. Repellendus repudiandae dolorum ut. Laborum veniam eaque nulla quis quas quasi doloremque. Rerum expedita atque ipsum culpa et ea voluptatem quod.', 2, '2020-05-18 06:10:45', '2020-05-18 06:10:45'),
(289, 8, 'Gregoria Rogahn', 'Fugiat temporibus repudiandae et perspiciatis nihil. Ratione dolore in ut sunt. Aut exercitationem voluptas ex facere qui non ut. Doloribus nesciunt est est incidunt aliquid.', 5, '2020-05-18 06:10:45', '2020-05-18 06:10:45'),
(290, 39, 'Summer Schuster', 'Aliquid amet non recusandae et eos. Aut perspiciatis laboriosam non ducimus eum. Nihil eum assumenda minus expedita possimus. Ea molestias vero autem voluptas itaque ut iusto. Aut eos incidunt unde deleniti quaerat.', 2, '2020-05-18 06:10:45', '2020-05-18 06:10:45'),
(291, 37, 'Ms. Amie Kemmer', 'Qui voluptatem omnis quia error rerum ut. Saepe consequatur velit ipsa. Et ratione maxime iste neque tempora voluptas maxime.', 5, '2020-05-18 06:10:45', '2020-05-18 06:10:45'),
(292, 44, 'Oswald Jacobson I', 'Dolores illum non minima distinctio nisi porro dignissimos. Praesentium sapiente aut distinctio fuga ullam sed. Pariatur maiores porro id dolores in in.', 4, '2020-05-18 06:10:45', '2020-05-18 06:10:45'),
(293, 50, 'Janae Heidenreich', 'Repellat sunt hic expedita quia magni alias. Nihil laborum quos magni vitae officia.', 2, '2020-05-18 06:10:45', '2020-05-18 06:10:45'),
(294, 32, 'Prof. Melisa Bernhard', 'Numquam dolorem dolor esse debitis dolorum molestias molestiae. Dolorem molestias porro sit odio aspernatur. Modi laudantium est et veniam ratione id ad.', 2, '2020-05-18 06:10:45', '2020-05-18 06:10:45'),
(295, 14, 'Ashley Lind', 'Accusamus adipisci ducimus voluptates esse quaerat. Doloremque natus in deserunt. Velit qui inventore excepturi velit iusto quasi sint.', 1, '2020-05-18 06:10:45', '2020-05-18 06:10:45'),
(296, 23, 'Coby Bednar', 'Occaecati libero aut omnis dicta cum. Unde ea dicta dolores voluptatum sunt. Provident iste cupiditate quos.', 0, '2020-05-18 06:10:45', '2020-05-18 06:10:45'),
(297, 39, 'Jane Kub', 'Mollitia et nulla beatae. Quibusdam nihil quaerat sit tenetur neque. Eos tempora occaecati illum laudantium. Assumenda suscipit non eaque possimus quia.', 1, '2020-05-18 06:10:45', '2020-05-18 06:10:45'),
(298, 7, 'Zelma Lang', 'Veniam voluptas assumenda commodi voluptatem quas in. Reiciendis veritatis qui vel illum et vitae non. Blanditiis velit delectus laboriosam voluptatem et cupiditate optio.', 5, '2020-05-18 06:10:45', '2020-05-18 06:10:45'),
(299, 34, 'Cleve Hauck', 'Rerum ducimus velit qui deleniti aut quos aspernatur. Praesentium minima officiis amet quidem quis optio enim omnis. Ea non exercitationem non accusantium consequatur maiores mollitia. Et odio amet ut odio.', 3, '2020-05-18 06:10:45', '2020-05-18 06:10:45'),
(300, 2, 'Houston Labadie', 'Repellat nobis modi id id culpa nisi vero facilis. Nihil sequi consequatur impedit qui est officia ut. Rerum voluptatem praesentium et et sint. Neque nemo sed eius sapiente consequatur ut dolor. Quis tempora quasi qui nihil fugit voluptas.', 2, '2020-05-18 06:10:45', '2020-05-18 06:10:45');

-- --------------------------------------------------------

--
-- Table structure for table `users`
--

CREATE TABLE `users` (
  `id` bigint(20) UNSIGNED NOT NULL,
  `name` varchar(255) COLLATE utf8mb4_unicode_ci NOT NULL,
  `email` varchar(255) COLLATE utf8mb4_unicode_ci NOT NULL,
  `email_verified_at` timestamp NULL DEFAULT NULL,
  `password` varchar(255) COLLATE utf8mb4_unicode_ci NOT NULL,
  `remember_token` varchar(100) COLLATE utf8mb4_unicode_ci DEFAULT NULL,
  `created_at` timestamp NULL DEFAULT NULL,
  `updated_at` timestamp NULL DEFAULT NULL
) ENGINE=InnoDB DEFAULT CHARSET=utf8mb4 COLLATE=utf8mb4_unicode_ci;

--
-- Indexes for dumped tables
--

--
-- Indexes for table `failed_jobs`
--
ALTER TABLE `failed_jobs`
  ADD PRIMARY KEY (`id`);

--
-- Indexes for table `migrations`
--
ALTER TABLE `migrations`
  ADD PRIMARY KEY (`id`);

--
-- Indexes for table `products`
--
ALTER TABLE `products`
  ADD PRIMARY KEY (`id`);

--
-- Indexes for table `reviews`
--
ALTER TABLE `reviews`
  ADD PRIMARY KEY (`id`),
  ADD KEY `reviews_product_id_index` (`product_id`);

--
-- Indexes for table `users`
--
ALTER TABLE `users`
  ADD PRIMARY KEY (`id`),
  ADD UNIQUE KEY `users_email_unique` (`email`);

--
-- AUTO_INCREMENT for dumped tables
--

--
-- AUTO_INCREMENT for table `failed_jobs`
--
ALTER TABLE `failed_jobs`
  MODIFY `id` bigint(20) UNSIGNED NOT NULL AUTO_INCREMENT;

--
-- AUTO_INCREMENT for table `migrations`
--
ALTER TABLE `migrations`
  MODIFY `id` int(10) UNSIGNED NOT NULL AUTO_INCREMENT, AUTO_INCREMENT=5;

--
-- AUTO_INCREMENT for table `products`
--
ALTER TABLE `products`
  MODIFY `id` bigint(20) UNSIGNED NOT NULL AUTO_INCREMENT, AUTO_INCREMENT=51;

--
-- AUTO_INCREMENT for table `reviews`
--
ALTER TABLE `reviews`
  MODIFY `id` bigint(20) UNSIGNED NOT NULL AUTO_INCREMENT, AUTO_INCREMENT=301;

--
-- AUTO_INCREMENT for table `users`
--
ALTER TABLE `users`
  MODIFY `id` bigint(20) UNSIGNED NOT NULL AUTO_INCREMENT;
COMMIT;

/*!40101 SET CHARACTER_SET_CLIENT=@OLD_CHARACTER_SET_CLIENT */;
/*!40101 SET CHARACTER_SET_RESULTS=@OLD_CHARACTER_SET_RESULTS */;
/*!40101 SET COLLATION_CONNECTION=@OLD_COLLATION_CONNECTION */;
